C#,CNAME,PERIOD,CREDIT,TEACHER
ED-89,生命的存在与死亡教育,32,2.0,"洪苏涵,董研林"
ED-14,大学生心理健康与自我调适,32,2.0,"闫琼,李美婷"
CP-86,课外实践8学分,0,8.0,"任君,刘晗梦,杨瑞,高天"
ED-77,大学生创业训练与实践,32,2.0,"郑旭红,朱宏伟"
ED-80,大学生职业发展与规划,32,2.0,姬姣姣
ED-83,国际化视野及能力培养提升,32,2.0,"衣建甲,贺长中"
ED-61,在线开放课程助教,0,0.0,肖胜军
IS-93,毕业设计（论文）,128,8.0,赵炜
TE-93,国际贸易实务,64,4.0,杨杨
SJ-58,中国传统文化实践-2,16,1.0,尚磊明
TE-44,中国概况,32,2.0,赵炜
TE-47,当代影视鉴赏,32,2.0,张知倞
TE-53,简明中国历史,32,2.0,李睿
TE-16,汉语综合课2,96,6.0,杨杨
TE-22,汉语听说2,64,4.0,李馨郁
TE-69,口腔医学汉语2,64,4.0,马萍
TE-81,汉语听力-2,64,4.0,冯潇
TE-96,综合医学汉语2,64,4.0,周瑜洁
TE-08,汉语口语-2,96,6.0,孔娟
TE-14,综合医学汉语4,64,4.0,周程程
TE-35,初级汉语听力2,64,4.0,邵一圃
TE-41,中级汉语听说2,64,4.0,冯潇
TE-65,初级汉语口语2,96,6.0,杨莉莉
TE-71,综合医学汉语6,64,4.0,马萍
TE-77,中级汉语阅读2,64,4.0,邵一圃
TE-86,HSK四级综合课,160,10.0,谈芳
TE-89,口腔医学汉语4,64,4.0,张爱珍
TE-92,口腔医学汉语6,64,4.0,张爱珍
TE-10,综合医学汉语8,64,4.0,韩娇娇
TE-13,口腔医学汉语8,64,4.0,周程程
TE-28,基础医学汉语-2,96,6.0,戴艳茹
TE-26,初级汉语精读2,160,10.0,孙玉茜
TE-62,商务对话-2,64,4.0,马春燕
TE-19,中国经济与对外贸易概况,32,2.0,杨杨
TE-25,汉字概论,32,2.0,李馨郁
TE-49,商务新闻阅读,32,2.0,孙玉茜
TE-52,中国古代文学,32,2.0,马春燕
TH-93,文科高等数学,64,4.0,贾应智
TO-56,工业社会学,24,1.5,高建民
RE-94,制造与社会发展,32,2.0,李兵
RE-12,工业文明与数字社会,32,2.0,"高建民,孙孝飞,马富银,温广瑞,王永泉"
RE-15,工程实践与伦理,32,2.0,"周延云,王小鹏,张启路,马富银,胡桥,周科,苏文斌"
RE-71,创新思维和机器人创客实践,48,3.0,"张英杰,张政,徐海波"
ES-73,食品化学,56,3.0,彭锦峰
ES-79,微生物学,32,2.0,"薛晚利,代秉玲"
ES-85,微生物学实验,32,1.0,张璐薇
ED-06,项目管理,32,2.0,耿海鹏
ED-15,数字化设计与制造软件应用基础,40,2.0,许睦旬
ED-18,走进机器人：项目驱动的创新与实践,52,2.0,徐俊
ED-24,艺术设计思维与实践,32,2.0,"杨增耀,李萌"
ED-27,人工智能导论,40,2.0,"张小栋,秦立果,王晶"
DE-38,毕业设计（未来智能制造方向高级项目）,256,8.0,"梅雪松,杨树明,赵志斌,彭军,陈帅,孙若斌"
DE-95,机械设计基础Ⅲ,48,2.5,徐亮
DE-82,美学与设计,32,2.0,蔺肖曼
DE-88,设计调查,32,2.0,"杨增耀,张煜"
DE-15,设计造型Ⅱ,48,2.0,蔺肖曼
DE-21,人因素和人机学,48,2.5,"李宏伟,李萌,张煜"
DE-39,社会创新设计,40,2.0,张煜
DE-87,人机界面设计,40,2.0,杨增耀
DE-90,工业大数据处理与程序设计,40,2.0,仇国巍
DE-93,Web编程技术,40,2.0,"谢涛,李宏伟"
DE-41,工业设计实践Ⅱ-5,32,1.0,杨增耀
DE-47,工业设计实践Ⅱ-1,32,1.0,李萌
DE-59,工业设计实践Ⅰ-5,32,1.0,张煜
DE-65,工业设计实践Ⅰ-2,32,1.0,蔺肖曼
SM-09,无线传感网络技术,24,1.5,韦学勇
SM-18,测试技术,48,2.0,"徐光华,李敏"
SM-27,数字图像处理,40,2.0,赵自新
SM-23,智能仪器与虚拟仪器设计,52,3.0,"侯成刚,刘弹"
SM-26,设备监测与诊断技术及应用,36,1.5,"徐光华,梁霖"
SM-29,机床精密测量与动态测试,40,2.0,"李兵,魏翔"
SM-38,仪器设计综合性实验-1,80,2.5,"侯成刚,刘弹"
DE-84,CDIO项目实践,56,2.0,王永泉
SJ-38,光电检测专题实验,32,1.0,李珂嘉
SJ-44,综合性实践训练,64,2.0,赵宏
CH-04,机械工程导论,16,1.0,刘志刚
CH-07,智能制造工程导论,16,1.0,"江平宇,张小栋,陈雪峰,周光辉,曹军义,陈贵敏,刘啸川,黄科"
CH-85,机械制图,48,3.0,曾亮
CH-88,工程制图,32,2.0,姜维
CH-00,工程图学,52,3.0,许睦旬
CH-06,机械设计基础Ⅰ,72,4.0,王恪典
CH-09,机械设计基础Ⅱ,56,3.0,"陈丽,徐亮"
CH-24,大数据技术,36,2.0,"严如强,马猛"
CH-30,大数据技术,64,4.0,"张留洋,李乃鹏,刘啸川,马猛"
CH-36,材料力学（英）,48,3.0,娄燕山
CH-48,工业互联网与云计算基础,56,3.0,"曹军义,张政"
CH-79,机械设计基础课程设计,32,1.0,陈丽
CH-94,机械控制工程基础,56,3.0,"李小虎,范淑琴"
CH-57,材料成形技术基础,32,2.0,"张航,蔡洪能,臧顺来"
CH-60,机械工程测试技术,48,2.5,张周锁
CH-63,机械工程测试技术（英）,48,2.5,杨树明
CH-69,材料成形技术基础（英）,32,2.0,"王富,黄科"
CH-72,数控技术,56,3.0,"刘红忠,牛东"
CH-81,微纳制造工艺与装备,48,2.5,"邵金友,陈小明,王春慧,田洪淼,李祥明,陈小亮"
CH-84,机器人技术及应用,40,2.0,董霞
CH-93,智能制造技术基础,64,3.5,"康城玮,位文明"
CH-08,人工智能基础,64,4.0,"秦立果,张小栋"
CH-11,机械设计及其智能化,48,3.0,"王永泉,桂亮,李宝童,郭婷,权双璐,赵志斌"
CH-26,智能传感器与检测技术（英）,48,3.0,"严如强,赵志斌"
CH-29,深度学习与智能运维,48,3.0,"赵志斌,马猛,丁宝庆,吴淑明"
CH-32,智能制造执行系统技术,48,3.0,"张超,周光辉"
CH-41,智能制造执行系统技术,72,3.0,江平宇
CH-44,智能运维与健康管理,64,3.0,"訾艳阳,王宇,陈景龙"
CH-50,智能制造工艺与装备,56,3.0,赵万华
CH-53,智能成形技术,56,3.0,"张琦,杨强"
CH-02,现代机器人技术,40,2.0,董霞
CH-05,企业与生产运作管理,36,2.0,马登龙
CH-17,机械故障诊断技术,40,2.0,"訾艳阳,王琇峰,陈景龙"
CH-23,机械动力学,32,2.0,王小鹏
CH-56,现代设计理论与方法,32,2.0,朱永生
CH-59,柔性电子制造与应用（英）,32,2.0,陈小明
CH-77,创新思维和机器人创客实践,32,2.0,朱爱斌
CH-86,信息处理技术,32,2.0,"徐光华,李敏,闫文强"
CH-89,数字信号处理,32,2.0,"郑杨,闫文强"
CH-92,智能机器及其实施技术,32,2.0,"赵升吨,王永飞,范淑琴"
CH-47,智能制造系统的人工智能应用及实践,64,2.0,"孙闯,陈雪峰,王保建,秦立果,尹昱东,李卓林"
TL-83,工程材料基础,32,2.0,孙巧艳
NG-03,汽车电子与控制,40,2.0,张政
NG-09,车辆制造实验,48,1.5,"金涛,张大伟,臧顺来,郭文静,尹昱东,方学伟"
NG-15,车辆制造装备与系统,24,1.5,张大伟
NG-18,车辆工程导论,16,1.0,"张琦,赵升吨,徐俊"
NG-27,电动汽车与混合动力技术,40,2.0,曹军义
NG-30,汽车结构有限元与数值计算,24,1.0,臧顺来
NG-78,车辆设计,40,2.0,"林起崟,韩宾"
NG-81,现代轨道车辆,40,2.0,李靖祥
NG-05,车辆电机与驱动,40,2.0,"李靖祥,范淑琴"
NG-08,智能汽车技术,32,2.0,"陈景龙,刘意"
NG-41,车辆工程CDIO,56,2.0,徐俊
RE-95,3D打印.材料之光,32,2.0,"孙琨,鲍崇高"
ED-01,动漫世界的材料化学探秘,32,2.0,宁晓辉
ED-04,多学科交叉创新与自主创业实践,32,2.0,"田高良,张生,宋忠孝"
ED-19,艺术铸造及创作实践,32,2.0,"刘志伟,赵兴杨,崔琦,郑巧玲"
TL-88,工程材料基础,56,3.0,王继平
TL-89,材料性能,48,3.0,"单智伟,解德刚,周玉美"
TL-92,Characterization techniques in materials science research,32,2.0,陈凯
TL-01,材料工程基础,64,4.0,"王玉,杨贺杰,张林杰"
TL-10,金相制备与分析实验,32,1.0,"王红洁,孙巧艳,孙俊杰,王耿洁"
TL-13,材料性能与测试技术实验,32,1.0,"牛靖,陈凯"
TL-16,高分子化学与物理实验,32,1.0,张启路
TL-31,材料科学基础-1,32,2.0,殷咸青
TL-46,材料工程基础,40,2.5,"刘志伟,李梅娥"
TL-52,材料研究方法,32,2.0,胡磊
TL-58,功能材料学,32,2.0,"潘毅,郭靖"
TL-67,材料科学基础,40,2.5,"张兰,王章洁"
RE-96,能源与人类文明发展,32,2.0,"杨冬,徐东海"
RE-02,再创式学习方法与技术创新训练,32,2.0,"薛绒,杨旭,吴伟烽"
RE-05,科学技术与工程伦理,32,2.0,"李早阳,孙中国"
RE-11,核与世界,32,2.0,"王永平,曹良志,王立剑,刘宙宇"
RE-17,全球科技史纲,32,2.0,"白涛,赵日晶"
RE-20,Energy and Environment,32,2.0,褚雯霄
RE-41,人与环境,32,2.0,"徐浩,李珊珊,王嘉楠,冯江涛,延卫"
PO-92,热工基础Ⅰ,44,2.5,"何茂刚,辛楠"
PO-95,大学计算机 -工程算法编程,56,3.0,"陈斌,周致富"
PO-42,工程热力学（英）,64,3.5,"辛楠,杜燊,杨富鑫"
PO-48,自动控制原理Ⅰ,52,2.5,"赵攀,王桂芳"
PO-51,流体力学Ⅰ,64,3.5,龚建英
PO-54,工程热力学Ⅰ,64,3.5,"何雅玲,何茂刚"
PO-57,热能与动力测试技术,52,2.5,"邓清华,王珍珍,徐彤彤,王桂芳,刘齐寿"
PO-60,流体力学（英）,64,3.5,孙金菊
PO-63,热流体课程实验-1,32,1.0,"唐上朝,张可,王小丹,孟婧,程上方,邢张梦,梁雪琪"
PO-75,现代电力生产技术,56,3.0,"刘继平,赵全斌,邱斌斌,韩小渠,王桂芳,赵永亮,徐彤彤"
PO-78,储能原理与应用,48,3.0,"刘朝晖,杨冬,李明涛"
PO-81,先进制冷低温技术,56,3.0,"赖天伟,刘秀芳,张兴群,刘晔,侯予,陈良"
PO-77,流体热物性测试技术,56,3.0,"吴江涛,毕胜山,孟现阳,张可"
PO-80,换热器设计,48,3.0,"曾敏,程志龙"
PO-83,透平机械流体动力学,48,3.0,何坤
PO-11,制冷与低温技术原理,52,3.0,"鱼剑琳,白涛,李翠,张兴群,刘晔,厉彦忠,陈旗"
PO-14,流体机械原理,56,3.0,"王志恒,张楚华,林梅"
PO-17,热力发电厂,58,3.0,"种道彤,刘明,王朝阳,王桂芳,徐彤彤"
PO-20,压缩机原理与结构,52,3.0,"曹锋,杨旭,王雷雷,张薇,王澈"
PO-23,发动机原理与构造,60,3.0,"胡二江,黄勇成,汤成龙"
PO-26,锅炉原理,56,3.0,"车得福,邓磊,张润霞"
PO-29,汽轮机原理,56,3.0,"邓清华,刘钊,颜晓江"
PO-32,汽车理论及构造,48,3.0,"汪映,王锡斌,黄勇成"
PO-35,新能源汽车动力与控制,52,3.0,"姜雪,杨博,刘兵"
PO-38,储能热流基础实验,16,0.5,"孟婧,邢张梦"
PO-41,储能热流基础,64,4.0,"何雅玲,席奂,李冬"
PO-44,传热传质学,56,3.0,"方文振,陈黎"
PO-47,热质储能技术及应用实验,16,0.5,"孟婧,邢张梦"
PO-50,热质储能技术及应用,40,2.5,"陶于兵,程泽东"
PO-71,能源科学技术前沿讲座,16,1.0,"严俊杰,苏光辉,席光,何雅玲,黄佐华,邢子文,厉彦忠,陶文铨"
NG-75,大气污染控制工程,64,4.0,"何炽,高宁博"
NG-87,固体废物处理与处置,48,3.0,"高宁博,全翠"
NG-93,环境影响评价,32,2.0,刘萍萍
NG-11,专业综合实验,64,2.0,张瑜
NG-14,污染控制实验,64,2.0,"张瑜,张润霞,张锦萍"
NG-17,环境规划与管理Ⅰ,32,2.0,孙健
NG-20,环境化学Ⅱ,32,2.0,"延卫,徐浩"
ED-55,中华灯谜艺术及欣赏,32,2.0,"王美玲,陈雪江"
ED-82,汽车构造,32,2.0,汪映
ED-85,星际航行与低温技术,32,2.0,"马原,谢福寿,王磊"
ED-91,制冷技术概论：从地面到空间,32,2.0,"薛绒,张泽,陈汝刚,刘秀芳"
ED-94,能源绿色转化与碳减排,32,2.0,"王利民,杜勇博,刘虎"
ED-00,新能源汽车与无人驾驶革命,32,2.0,蔡骁
ED-03,学科交叉研究：流体遇上纳米材料,32,2.0,"赵昆鹏,李星,孙成珍"
ED-09,走向富足：通过科技改变人类未来,16,1.0,"周致富,李东"
ED-12,汽车文化与社会发展,32,2.0,李倩倩
ED-33,项目管理理论与实践,32,2.0,郭怡
ED-36,通向绝对零度之路——制冷与低温科技史话,32,2.0,陈蕴光
ED-39,能源工程经济学,32,2.0,"刘朝晖,雷贤良"
ED-42,摄影艺术与实践,32,2.0,"李一鸣,陈雪江"
ED-45,书香致远——阅读的艺术,16,1.0,李璐
ED-48,低碳能源转化技术与工程经济管理,32,2.0,"姚尔人,黄柱,席光"
ED-51,碳中和：国家战略与职业规划,32,2.0,"王浥尘,沈振兴,孙健"
ED-54,通过地理读历史,32,2.0,"关祥久,郭坤,蔡文芳,陈庆云"
TH-40,工程数学建模,40,2.0,陈磊
EN-85,材料科学基础与新能源材料,40,2.5,"黄建兵,沈少华,师进文,关祥久"
EN-75,生物学基础与生物质能转化原理及技术,60,3.5,"吕友军,金辉,徐强,赵昆鹏"
EN-84,流体机械能转化原理与技术,38,2.0,"陈斌,周致富,骆政园,李东"
EN-87,新能源热利用与热发电原理及系统,46,2.5,"赵亮,李明涛,赵秋阳"
CL-03,量子力学,48,3.0,赵耀林
CL-12,核材料基础,32,2.0,"恽迪,匡杰,杨健乔"
CL-15,原子物理,32,2.0,赵耀林
CL-30,核辐射防护,40,2.0,"胡华四,胡光,邬良芃"
CL-05,原子核物理实验方法,48,3.0,"张清民,臧航"
CL-11,电离辐射剂量学,52,2.5,"王炫,刘书焕,邬良芃"
CL-14,核反应堆物理分析,40,2.5,"吴宏春,刘宙宇,万承辉"
CL-17,核反应堆控制,40,2.0,"孙培伟,邬良芃"
CL-20,核电子学,48,2.5,"李培,贺朝会,李永宏"
CL-23,核电厂系统与动力设备,40,2.5,"张魁,田文喜,张斌"
CL-26,核反应堆热工分析,48,2.5,"秋穗正,王明军,王成龙,邬良芃,郭凯伦"
CL-32,核信息获取与处理,32,1.5,"刘书焕,王鹏飞"
CL-38,材料热力学,32,2.0,柳文波
CL-47,无机化学,48,3.0,"林健,邱杰"
CL-89,核分析技术,32,2.0,臧航
DE-94,电子系统设计与实践,80,2.5,雷万钧
RE-00,新能源导论,32,2.0,"吴坚,周峻,吴锴"
RE-03,能源互联网,16,1.0,"王锡凡,别朝红,康小宁"
RE-06,电磁通史与技术前沿,32,2.0,"马慧,项彬,刘志远"
RE-09,电气科学与人类文明,32,2.0,"梁得亮,彭宗仁,王建华,李盛涛,荣命哲,张冠军,刘进军,杜正春,杨旭,曹晖,宋政湘,刘定新"
RE-59,聚变能源与等离子体,32,2.0,"李兴文,邱爱慈,陈振茂,田文喜,吴坚"
LC-49,电子技术实验1,16,0.5,"张锋,孙敏,张皎,高昕悦,刘涛"
LC-55,模拟电子技术,64,4.0,"陈文洁,刘涛"
LC-79,数字电子技术,48,3.0,韩春阳
LC-82,模拟电子技术基础,48,3.0,王振兴
LC-85,电子技术基础,80,4.0,"夏建生,原晓楠"
LC-91,电子技术实验-1,16,0.5,"张锋,孙敏,张皎,刘涛,高昕悦"
LC-09,电子技术基础,96,5.0,"赵进全,孙敏"
LC-15,现代电子技术,56,3.0,"赵进全,孙敏"
LC-27,信号与系统,36,2.0,"王发强,沈瑶"
LC-60,数字电子技术与微处理器基础,72,4.5,王永生
LC-81,人工智能与智能仪器,64,3.5,"曾翔君,汤晓君,骆一萍"
LC-08,能源互联与系统分析,68,4.0,"谢海鹏,张海涛"
LC-11,能源互联网信息通信技术,32,2.0,陈晨
LC-83,能源互联网规划,32,2.0,"王建学,吴雄"
LC-86,储能技术概论,32,2.0,"王红康,韩晓刚,张锦英"
LC-92,直流电网技术,36,2.0,"汲胜昌,张凡,张海涛,惠思思"
LC-01,低碳能源经济与市场,52,3.0,"肖云鹏,丁涛"
EC-34,电路,80,4.5,"刘文凤,程璐,沈瑶,王超,高昕悦"
EC-40,电磁场与波,72,4.0,"马西奎,沈瑶,王超,高昕悦"
EC-87,电工电子技术导论,48,3.0,孙晋茹
EC-35,电工电子技术-1,48,3.0,"孟永鹏,贺博"
EC-41,电工电子技术实验-1,16,0.5,"原晓楠,陈琪"
EC-53,模电与大数电实验-2,24,0.5,孙敏
EC-65,信号与系统II,60,3.5,"王发强,沈瑶"
EC-80,电工电子技术实验Ⅱ,16,0.5,原晓楠
EC-83,电工电子技术Ⅱ,32,2.0,王威望
EC-86,模电与大数电实验-2,32,1.0,"孙敏,张皎,刘宁艳,刘涛,孔忻,王鹏光,刘晓娟"
EC-92,电磁场,56,3.5,"邹建龙,沈瑶,王超,高昕悦"
EC-81,电力设备设计原理,32,2.0,"李盛涛,王诗航"
EC-84,电气材料基础,32,2.0,"钟力生,张锦英,吴明"
EC-08,电力系统稳态分析,68,4.0,"郝治国,杨松浩"
EC-16,电气工程及其自动化专业导论,16,1.0,"梁得亮,李盛涛,荣命哲,刘进军,杜正春,杨旭,汲胜昌,宋政湘"
EC-19,大数据科学与应用技术,32,2.0,焦在滨
EC-22,人工智能技术导论,32,2.0,"曹晖,王超"
EC-31,高电压技术,56,3.0,"李江涛,赵军平,惠思思,杜佳"
EC-37,电储能系统与并网技术,40,2.0,"王丰,易皓,刘晓娟,王振雄"
EC-52,电储能系统与并网技术（未来）,32,2.0,李宇飞
EC-44,风力发电与太阳能发电技术,32,2.0,"雷万钧,王来利"
EC-01,电力系统新技术专题New Technology of Power Systems,16,1.0,"王秀丽,杜正春"
EC-07,电力系统自动化,32,2.0,李宇骏
EC-10,电力系统综合实验,64,2.0,宁联辉
EC-25,新能源电力系统规划与运行,40,2.0,"刘俊,张小亮"
EC-61,工程电介质物理学,48,3.0,"李建英,武康宁"
EC-76,电磁兼容技术,48,2.5,"陈玉,王双,白洁,孔忻"
EC-09,放电等离子体基础及应用,32,2.0,"李兴文,石桓通,吴坚"
EC-12,电气设备现代设计,40,2.0,"耿英三,吴益飞,王宣东,李昊旻"
EC-18,电器理论基础,48,2.5,"史宗谦,王宣东"
EC-21,电机设计,40,2.0,丁文
EC-24,高电压试验与测试,48,2.5,"张乔根,刘轩东,赵军平"
EC-42,控制电机,48,2.5,"娄建勇,孙萍"
EC-51,高电压绝缘技术基础,40,2.0,"张冠军,孙安邦,常正实,李文栋,惠思思"
EC-54,电力开关设备,32,2.0,"吴翊,闫静"
EC-69,工业计算机控制技术,56,3.0,"崔栋刚,甘永梅,迟晓红"
EC-72,电机测试技术,32,2.0,刘凌
EC-75,单片计算机原理及应用,36,2.0,"贾立新,迟晓红"
EC-78,智能电网储能应用技术,36,2.0,"王建学,孟永庆,张小亮"
EC-47,储能装置开发项目设计,32,1.0,孟锦豪
ED-92,新能源材料与装备,32,2.0,"张磊,毛佳乐,石建稳,张锦英,史乐,许鑫,陈欣,郑红,成永红"
ED-95,科学测量与发现,32,2.0,"吴治诚,庞磊,赵军平"
ED-10,项目管理概论,32,2.0,"许鑫,陈欣,毛佳乐,陈玉"
ED-13,电气工程与生命健康,32,2.0,"许德晖,刘定新"
SM-88,测控电路,40,2.0,"丁晖,孔忻"
SM-15,MEMS传感器和执行器,32,2.0,"李运甲,王曙东"
SJ-47,智能电器的设计与开发,56,2.0,宋政湘
SJ-68,国际交流,0,0.0,"杨旭,祝令瑜"
SJ-83,储能装置监测系统设计,64,3.0,"宋政湘,孙丽琼"
SJ-89,科创能力与竞赛训练,32,1.0,"刘文凤,迟晓红,沈瑶,张璞,刘宁艳,白洁,孙晓华,高昕悦,吕泽鹏,原晓楠,李瑞程,孙丽琼,王超,孙敏,吕亮,杜锦华,陈欣,孟永鹏,贺博,刘定新,骆一萍,张皎"
EN-76,储能装置设计开发-2,104,3.5,宋政湘
SP-88,空气与气体动力学,72,4.0,张科
SP-65,航空发动机总体设计,32,2.0,薛瑞
SP-10,航空推进原理,56,3.0,杨亚晶
SP-16,航空飞行器总体设计,32,2.0,胡淑玲
SP-19,航天飞行器总体设计,32,2.0,陈刚
SP-22,飞行器制导与导航原理,40,2.0,梁勇奇
SP-25,航空航天推进技术,32,2.0,左逢源
SP-28,热工基础Ⅱ,32,2.0,阳倦成
SP-31,工程热力学II,48,3.0,武俊梅
SP-13,航空发动机结构与强度,40,2.5,杨利花
SP-55,航空发动机控制系统,32,2.0,杨朝旭
SP-58,飞行控制系统设计,32,2.0,荣海军
SP-61,飞行器气动课程设计,32,1.0,姬兴
SP-67,项目设计,32,1.0,胡淑玲
SP-70,人工智能技术概论,32,2.0,杨朝旭
SP-91,航天器动力学与控制,32,2.0,"孙剑,郎安琪"
SP-94,航空发动机结构动力学,32,2.0,徐自力
SJ-61,工程结构（实物）项目设计-1,16,0.5,李勇
SJ-64,结构模块课程设计-1,16,0.5,秦庆华
CH-12,机械工程基础,32,2.0,张建勋
CH-33,力学与空天工程概论,16,1.0,"申胜平,徐光魁,雷蒋,左逢源,谢勇,许丁,刘马宝,翟崇朴"
CH-45,理论力学,56,3.5,谭宁
CH-51,基础力学实验-1,16,0.5,刘书静
CH-54,基础力学实验-2,16,0.5,武彤晖
CH-14,振动力学,48,3.0,"徐自力,谢石林"
CH-62,流体力学Ⅱ,56,3.0,许丁
CH-65,实验力学-1,32,2.0,"张舒文,王正锦"
CH-68,实验力学-2,64,2.0,"裴翠祥,刘冉,田征"
CH-71,计算流体力学,36,2.0,陈春刚
CH-80,固体力学,96,6.0,"刘咏泉,徐光魁"
CH-34,非线性动力学导论,32,2.0,谢勇
CH-37,塑性力学,32,2.0,郁汶山
CH-15,复合材料力学,16,1.0,宋亚勤
CH-27,疲劳与断裂,32,2.0,"卢同庆,王铁军"
CH-64,专业认知II,16,0.5,宋建伟
TR-81,科研训练-2,80,0.5,郁汶山
AU-87,金融学,48,2.5,乔政
AU-01,中级财务会计 I,32,2.0,张俊瑞
AU-04,中级财务会计 II,64,4.0,王欣
AU-16,税法,32,2.0,曹建安
AU-31,MA管理会计（ACCA）,48,3.0,欧佩玉
AU-34,FA财务会计（ACCA）,48,3.0,骆蕾
AU-37,BT商业与技术（ACCA）,48,3.0,赵红
AU-49,AA 审计与认证业务（ACCA）,48,3.0,李星
AU-21,P4 高级财务管理,48,3.0,骆蕾
AU-24,P5 高级业绩管理,48,3.0,董南雁
AU-94,会计信息化,16,1.0,董南雁
ED-16,《黄帝内经》中的管理哲学,16,1.0,魏泽龙
ED-22,中华德学原理源流与经典学习导引,16,1.0,程少川
ED-37,数字经济分析与实践,32,2.0,"符皓然,王伟,王凯"
SJ-05,创业实践,16,1.0,"赵文红,李福荔,姜飞飞"
WS-80,LW 公司法与商法（ACCA）,48,3.0,FONSEKA MEIMANAGE MOHANPRADEEP
GT-36,系统工程,32,2.0,李刚
GT-11,管理信息系统,32,2.0,刘笑笑
GT-17,系统工程I,48,3.0,吴锋
GT-43,统计学,32,2.0,常象宇
GT-49,宏观经济学,48,3.0,杨晶玉
GT-04,市场营销学,32,2.0,杨林岩
GT-13,公司理财,32,2.0,王鲁平
GT-22,企业战略管理,32,2.0,杨建君
GT-31,薪酬与绩效管理,32,2.0,周密
GT-34,创业管理,32,2.0,赵文红
GT-21,项目管理1,32,2.0,"何正文,肖忠东"
GT-27,设施规划与物流分析,32,2.0,贾涛
GT-66,人因工程,32,2.0,刘树林
GT-29,现代产品开发与设计,32,2.0,李刚
GT-47,现代物流与供应链管理,32,2.0,王能民
GT-50,管理沟通,32,2.0,"尚玉钒,刘人境,钟萌"
GT-59,生产计划与控制,32,2.0,刘雅
GT-92,管理学,48,3.0,王磊
GT-25,创新管理,32,2.0,魏泽龙
GT-67,智能决策与机器学习II,32,2.0,林绍波
GT-76,社交网络与文本分析,32,2.0,刘跃文
GT-79,大数据管理方法与应用,32,2.0,刘佳鹏
GT-88,大数据统计与计量分析II,32,2.0,刘笑笑
GT-91,最优化理论与算法I,32,2.0,叶海山
GT-30,机器学习-1,32,2.0,王开东
GT-20,工业品营销与营销渠道管理,32,2.0,"肖振鑫,刘静文"
GT-56,消费者行为学,32,2.0,"杨林岩,刘野逸,刘园园"
GT-45,大数据管理与应用实践,16,1.0,王迪
AT-14,应用统计分析,32,2.0,林军
AT-17,应用统计实践,32,1.0,"郑嘉俐,周晓阳"
TS-28,中外美术史,64,4.0,熊雯
TS-91,音乐,32,2.0,"曹耿献,文茹,刘俊峰"
TS-85,中国古代文字学通论,32,2.0,刘琰
TS-27,Design Thinking and Methods,32,2.0,冯伟
TS-33,Frontiers of Technology and Art,32,2.0,"赵一青,何静,徐钰彬"
TS-36,设计概论,48,3.0,"牛琛富茜,吴雪,欧阳振宇"
TS-54,设计构成,64,4.0,"牛琛富茜,石淑捷"
TS-51,景观植物学,32,2.0,杨眉
TS-44,篆书理论与实践III,48,3.0,尚磊明
TS-19,公共空间设计,64,4.0,吴雪
TS-22,标志与视觉识别系统设计,64,4.0,董琪
TS-34,插画艺术创作,64,4.0,石淑捷
TS-43,雕塑创作 II,64,4.0,苗祥瑞
TS-46,生态景观设计,48,3.0,杨眉
TS-61,专业设计-2,64,4.0,刘令贵
TS-70,设计技术-2,32,2.0,"何静,徐钰彬"
TS-76,专业设计-1,64,4.0,赵兴杨
TS-03,草书临摹与创作-2,48,3.0,王劲
TS-06,隶书临摹与创作-2,32,2.0,孙立滨
TS-18,行书临摹与创作-3,48,3.0,程健
TS-21,楷书临摹与创作-2,48,3.0,孙立滨
TS-30,篆书临摹与创作-1,32,2.0,尚磊明
TS-50,中国书法遗迹考察,32,2.0,"杨晓萍,尚磊明,李颖"
TS-16,浮雕创作,64,4.0,欧阳振宇
TS-67,古代碑帖选读,32,2.0,李颖
TS-94,篆刻学II,32,2.0,孙立滨
TS-12,书法美学,32,2.0,"杨晓萍,李娟"
TS-05,品牌策划与品牌设计,64,4.0,鲁鹏
TS-77,人物塑造,64,4.0,欧阳振宇
TS-83,数字化设计与建造,32,2.0,"陈强,刘令贵"
TS-86,多媒体广告设计,64,4.0,"牛琛富茜,石淑捷"
TS-37,传统雕塑临摹,64,4.0,张菊芳
RE-16,中国哲学经典著作导读,32,2.0,"燕连福,龚建平,邓妙子,妥建清,雒自新,韩鹏杰,刘俊"
RE-18,音乐鉴赏,32,2.0,"梁睿,文茹,金晨,刘俊峰,李娟,曹耿献,方小笛"
RE-21,中国传统文化,32,2.0,"陆卫明,鲁鹏,王劲,宋希斌,邓妙子,韩鹏杰,李娟"
RE-27,心理学基础,32,2.0,李占星
RE-30,交响音乐赏析,32,2.0,"刘俊峰,文茹,方小笛,李娟,曹耿献"
RE-36,创意写作,32,2.0,"魏琛琳,李明,吴艳,李昕,孙启洲,王瑶"
RE-39,美术与世界,32,2.0,"鲁鹏,苗祥瑞,牛琛富茜,熊雯,张菊芳,杨健雄,周利明"
RE-42,生活中的社会学,32,2.0,"彭瑾,杨建科,孙晓冬,童梅"
RE-35,社会心理学,32,2.0,"王渭玲,王瑜萍,钱玉燕,马亚婷,童梅"
RE-48,公益与慈善,56,2.0,"李娜,孙晓冬,彭瑾"
RE-51,中国文化与文学精粹,32,2.0,"刘祥,李明,李楚,古栋,孙启洲,曾祥金,黎荔,刘彦彦"
RE-54,性别、 科学与美,32,2.0,"周屈兰,王奕轩"
RE-57,中国文化与中华民族共同体,32,2.0,"常新,曹耿献,熊雯,李晓光,魏琛琳,刘琰,张顺"
RE-60,社会调查的艺术：方法与实践,32,2.0,"陈滔,缪晓雷,王梓懿,王旭清,卢春天"
RE-82,诺贝尔文学奖获奖作品选读,32,2.0,"翟杨莉,魏琛琳,魏策策,张勇"
ND-60,经济社会学,48,3.0,"赵文龙,郝明松"
ED-57,旧制度与大革命,16,1.0,杨建科
ED-07,声乐表演艺术,32,2.0,李娟
ED-28,钢琴演奏表演艺术中级,64,4.0,刘明
ED-34,钢琴演奏表演艺术初级,64,4.0,"文茹,刘明"
ED-46,欧洲浪漫音乐派欣赏,32,2.0,方小笛
ED-49,书法鉴赏,32,2.0,程健
ED-58,审美学,32,2.0,常新
ED-70,中华文化经典选粹,16,1.0,"刘彦彦,韩鹏杰"
ED-63,爱情心理学,32,2.0,"刘俊峰,丁晓军,杨沈龙"
ED-66,音乐剧实践体验,32,2.0,金晨
ED-69,文学与中国古代日常生活,32,2.0,"刘祥,李明,许浩然,吴小侠,魏琛琳,罗军凤"
ED-75,中国音乐史与音乐考古,32,2.0,"熊雯,杨晓萍,张菊芳,刘明"
ED-78,地理信息与人类社会,32,2.0,贺力
ED-84,费孝通社会研究经典导读,16,1.0,徐婧
ED-87,计算社会科学导论,32,2.0,蔡萌
ED-90,秦腔艺术与文化传承,32,2.0,"古栋,刘明,吴小侠"
ED-17,现实的社会建构--知识社会学论纲,16,1.0,罗阳
ED-23,音乐创编与审美,32,2.0,"刘明,刘俊峰"
ED-29,古琴演奏实践,32,2.0,"程健,梁睿"
ED-41,古琴演奏实践（中级）,32,2.0,梁睿
ED-44,《战国策》人物与话术鉴赏,16,1.0,韩鹏杰
ED-50,走进音乐人工智能,32,2.0,"李东鹤,曹耿献"
ED-53,中国民族钢琴音乐赏析,32,2.0,"刘明,方小笛,文茹"
ED-59,《社会分工论》经典导读,16,1.0,王梓懿
ED-62,现代科学与政治的哲学基础,32,2.0,罗久
ED-68,行走华夏：中华民族共同体理论与实践,32,2.0,"文茹,王劲,李娟,熊雯,丁晓军,陆淑敏,刘源,曹耿献,刘彦彦,王伟"
ED-64,考古中国,32,2.0,张顺
ED-67,灿烂的唐代文化,32,2.0,杨建科
SJ-75,社会调查实践,48,3.0,"郭小弦,李晓光,缪晓雷,陈滔"
SJ-50,创新实践,96,3.0,李晓光
TE-84,语文2,64,4.0,"孙飞鹏,孙启洲"
TE-02,大学语文2（民族预科）,64,4.0,"翟杨莉,谭静"
TE-95,学年论文1,16,1.0,古栋
TE-01,学年论文2,16,1.0,曾祥金
TE-07,中国语言文学专业导论,16,1.0,"王瑶,王学强,孙启洲,许浩然,张勇,魏琛琳,孙飞鹏,丁丁"
TE-39,中国古代文学史II,48,3.0,许浩然
TE-45,中国现代文学史,48,3.0,张勇
TE-57,文艺美学,32,2.0,王学强
TE-60,中国古代文论,48,3.0,翟杨莉
TE-72,外国文学作品研读,32,2.0,魏策策
TE-87,语言学概论,32,2.0,马梅玉
TE-23,中国当代文艺思潮,32,2.0,翟杨莉
TE-34,社会语言学,32,2.0,马梅玉
TE-46,唐诗与长安,32,2.0,李明
TE-58,戏曲鉴赏,32,2.0,吴小侠
TE-79,中国现代文学文献学,32,2.0,曾祥金
TE-88,音韵学,32,2.0,"丁丁,李明,马梅玉"
LS-28,逻辑与批判性思维,32,2.0,"王伟,丁晓军"
LS-24,美学,48,3.0,妥建清
LS-69,伦理学,48,3.0,王珏
LS-78,马克思主义哲学原著选读,48,3.0,罗久
LS-81,西方哲学原著选读,48,3.0,张志伟
LS-84,中国哲学原著选读,48,3.0,"刘俊,邓妙子,谢徐林"
LS-87,宗教哲学,48,3.0,邓妙子
LS-02,西方哲学史 II,48,3.0,"王嘉新,张志伟,王健"
LS-05,马克思主义哲学史II,48,3.0,"王健,王赛"
LS-08,西方哲学史I,64,4.0,"曹聪,王嘉新"
LS-11,中国哲学史I,48,3.0,谢徐林
LS-62,宋明理学,32,2.0,刘俊
LS-80,科学技术史,32,2.0,王振嵩
LS-01,形而上学导论,32,2.0,张志伟
LS-04,复杂信息系统理论基础,32,2.0,邬天启
LS-10,智能科学的哲学基础,32,2.0,丁晓军
LS-34,德国哲学,32,2.0,程府
LS-37,中国现当代哲学前沿,32,2.0,龚建平
LS-40,西方哲学前沿,32,2.0,罗久
LS-46,价值哲学导论,32,2.0,王振嵩
LS-58,政治哲学导论,32,2.0,付侗
YL-96,心理发展与健康,32,2.0,"钱玉燕,李占星"
YL-26,医学心理学,32,2.0,倪晓莉
CL-28,社会研究方法,32,2.0,"郭小弦,李晓光,缪晓雷,帅满,陈滔"
CL-45,中国社会学史,32,2.0,姜利标
CL-51,社会分层与流动,48,3.0,张顺
CL-57,组织社会学,48,3.0,李晓光
CL-69,社会统计学,48,3.0,朱晓文
CL-08,社会组织管理,48,3.0,吴苏
CL-44,老年社会学,32,2.0,陈滔
CL-65,人类学,32,2.0,缪晓雷
CL-83,社会网络分析,48,3.0,"悦中山,杨张博"
CL-86,家庭与性别社会学 Sociology of Family and Gender,48,3.0,王奕轩
CL-04,社会政策学,32,2.0,郭小弦
CL-22,西方社会学理论前沿,32,2.0,"姜利标,吴苏"
IC-92,媒介伦理与法治,48,3.0,申楠
IC-01,网络舆情监测与研判,48,3.0,陈强
IC-10,马克思主义新闻观,48,3.0,叶妮
IC-25,新媒体广告设计,48,3.0,刘婵君
IC-28,媒介运营与管理,48,3.0,张宏邦
IC-30,传播学研究方法,48,3.0,张立
IC-03,数字媒介概论,32,2.0,牛耀红
IC-12,国际传播,48,3.0,申楠
IC-27,批判传播学,32,2.0,赵一菲
IC-77,网页设计与制作,32,2.0,杨帆
ED-25,危机传播学：从理论到实战,32,2.0,"李巨星,张窈,王威力,廖政贸,李明德"
TE-91,媒介理论研究与前沿,32,2.0,赵一菲
TE-06,传播思想史,32,2.0,"张铁云,达雅楠"
ED-31,体育-4,32,0.5,任文君
ED-93,24式太极拳,16,0.0,洪流
ED-08,陆上赛艇,16,0.0,路海华
RE-14,欧洲文明的现代历程,32,2.0,"张雨金,邱鹄,张莉,田鹏"
GL-62,出国访学准备（钱学森学院）,32,2.0,牛莉
GL-32,医学英语词汇（留）,48,3.0,范晓晖
GL-38,二外/英语-1,32,2.0,朱嘉春
GL-41,二外/英语-3,32,2.0,朱嘉春
GL-07,阅读与写作（少年班）2,32,2.0,成旻
GL-16,交流与表达（少年班）2,32,2.0,成旻
GL-28,大学英语2（民族预科）,64,4.0,曹浩煊
GL-43,欧洲文化渊源,32,2.0,邱鹄
GL-55,美国文化,32,2.0,司选海
GL-61,商务英语,32,2.0,陈丽
GL-67,英语辩论,32,2.0,张静洁
GL-70,英语电影视听说,32,2.0,马琼
GL-91,英语学术论文写作,32,2.0,邵娟
GL-00,中国文化翻译,32,2.0,靳蓉
GL-03,阅读与思辨,32,2.0,孙燕
GL-06,英语写作基础,32,2.0,杨亭
GL-09,雅思写作,32,2.0,杨扬
GL-12,沟通与文化交流,32,2.0,许明
GL-15,雅思口语,32,2.0,曹兴潭
GL-18,TED英语视听说I,32,2.0,李瑛
GL-21,TED 英语视听说II,32,2.0,郑青
GL-33,新一代大学英语,32,2.0,杜文博
GL-39,医学英语术语,32,2.0,张鹏
GL-57,国际人才英语,32,2.0,张静洁
GL-96,学术英语听说,32,2.0,王芙蓉
GL-11,学术英语读写,32,2.0,卢燕华
GL-20,理解当代中国：英语读写,32,2.0,高洋
GL-14,英语语法,32,2.0,"陈向京,张蕾"
GL-77,美国文学史及选读（日英方向）,32,2.0,邹敏
GL-89,综合英语（日英方向）I-2,64,4.0,"李莹,曹浩煊"
GL-01,英语视听说（日英方向）-2,32,2.0,张莉
GL-04,美国文学史及选读-2,32,2.0,"杜丽霞,邹敏"
GL-19,口译实务-2,24,1.5,"李雅丽,常虹"
GL-25,英语演讲,32,2.0,刘睿
GL-49,笔译-2,24,1.5,张敏
GL-94,综合英语：文学,48,3.0,王非
GL-27,英国文学史及选读,48,3.0,曹兴潭
GL-95,诗歌赏析与翻译,16,1.0,曹浩煊
GL-52,英美戏剧,32,2.0,KALAYCI HASAN HUSEYIN
GL-79,应用语言学概论,16,1.0,"张蕾,张晓鹏"
GL-88,国际交流演讲与辩论,32,2.0,楚建伟
GL-42,国际关系导论,32,2.0,赵葆珉
GL-60,理论语言学入门,32,2.0,"袁芳,魏行,杨文纯"
GL-72,英语视听说-4,48,3.0,"吴洁莹,KALAYCI HASAN HUSEYIN"
GL-58,创新创业项目,32,1.0,张蕾
GL-73,英语读写实践-2：理解当代中国,16,0.5,王非
GL-76,英文辩论实践,32,1.0,刘睿
PA-14,二外/西班牙语-2,64,4.0,田沛
AN-26,二外/法语-2,64,4.0,樊静薇
AN-62,法语视听说III-2,16,1.0,曾珠
AN-92,综合法语III-2,96,6.0,寇媛媛
AN-43,基础法语精读I-2,128,8.0,"孟丽娜,曾珠"
AN-52,法语写作-1,16,1.0,BAROT OLIVIER CYRIL
AN-61,基础法语精读II-2,128,8.0,"李文君,樊静薇"
AN-85,初级法语-2,96,6.0,郭琳
AN-91,基础法语视听说-2,32,2.0,曾珠
AN-94,中级法语视听说-2,32,2.0,孟丽娜
AN-46,法语报刊选读,16,1.0,BAROT OLIVIER CYRIL
AN-70,旅游法语,16,1.0,李文君
AN-76,法语国家及地区文化,16,1.0,BAROT OLIVIER CYRIL
AN-88,现当代法语文学导读,16,1.0,臧小佳
AN-00,法国美食文化,32,2.0,BAROT OLIVIER CYRIL
AN-30,法语系统语法,32,2.0,郭琳
AN-36,中法跨文化交际,32,2.0,BAROT OLIVIER CYRIL
RM-41,二外/德语-2,64,4.0,钟游
RM-38,德语基础口语,32,2.0,何小超
RM-47,基础德语,96,6.0,何小超
RM-74,德语欧标写作,32,2.0,何小超
RM-77,德语欧标阅读,32,2.0,何小超
RM-80,德语欧标口语,32,2.0,何小超
RM-83,德语欧标听力,32,2.0,何小超
RM-01,中级德语-2,96,6.0,赵欣
RM-22,基础德语视听说-3,32,2.0,何小超
ED-73,英语演讲艺术,32,2.0,"刘睿,吉乐"
ED-60,德语区语言与文化,64,4.0,何小超
ED-72,心理、行为与文化,32,2.0,"赵荣,姚昭"
ED-81,英语词源与文化,16,1.0,"杨蕾,史文霞,马丽娜"
PN-38,二外/日语-2,64,4.0,"曹红荃,任宏昊"
PN-44,日语基础,32,2.0,"沈丽芳,张文丽"
PN-29,日语口译,32,2.0,"沈丽芳,孙莉"
PN-26,日语学术论文特征与写作,32,2.0,"霍士富,曹红荃,范夏苇,任宏昊,时渝轩"
PN-32,基础日语,90,6.0,"沈丽芳,任宏昊,范夏苇"
PN-35,日语写作,32,2.0,"YAZAKI MASAKAZU,KANETO SACHIKO"
PN-47,日语会话,32,2.0,"任宏昊,沈丽芳"
PN-53,日语语言学概论,32,2.0,"张伟莉,任宏昊,曹红荃"
PN-83,日语听说Ⅲ-2,32,2.0,KANETO SACHIKO
PN-86,综合日语Ⅲ-2,64,4.0,KUGAWA MICHITAKE
PN-95,日语视听说-2,32,2.0,王晶
PN-01,基础日语-2,96,6.0,"沈丽芳,YAZAKI MASAKAZU"
PN-04,基础日语-4,96,6.0,"孙莉,KANETO SACHIKO"
PN-19,日语基础写作,32,2.0,KUGAWA MICHITAKE
PN-22,日语视听说-4,32,2.0,张伟莉
PN-25,日语阅读,32,2.0,"曹红荃,张伟莉,张文丽"
PN-61,日语会话-2,32,2.0,KUGAWA MICHITAKE
PN-73,日语会话-4,32,2.0,YAZAKI MASAKAZU
SJ-70,日语口译实践,16,0.5,"孙莉,沈丽芳"
SJ-73,日语听说实践,32,1.0,YAZAKI MASAKAZU
AC-08,英语翻译实践,16,0.5,张敏
SS-26,二外/俄语-2,64,4.0,刘彦晶
SS-17,俄译汉,32,2.0,叶琳
SS-35,高级俄语-2,64,4.0,王慧
SS-71,俄语口语-2,32,2.0,YANGUTOVA RITA
SS-86,综合俄语-2,80,5.0,彭玲
SS-10,俄语报刊阅读,32,2.0,刘彦晶
SS-28,基础俄语视听说-5,16,1.0,YANGUTOVA RITA
LU-01,English Language and Study Skills for Business-2,150,5.0,黄平安
SM-19,医学基础,64,4.0,"李延海,吴静"
CH-10,生物化学实验,32,1.0,"李华,孔宇"
ME-09,医学信息工程,32,2.0,"王刚,李尤君"
ME-42,生物医学传感与仪器,48,3.0,"闫相国,李津"
ME-48,生物医学传感与仪器专题实验,32,1.0,"李津,张博,吴敏"
ME-66,医学智能诊断,44,2.0,"许夏瑜,李斌"
ME-75,生物医学工程综合设计实验Ⅰ,32,1.0,"王刚,周秦武,李剑君"
ME-78,医学基础专题实验,32,1.0,"陈岚,吴静"
ME-84,生物医学工程概论,32,2.0,张建保
ME-87,生物医学工程综合设计实验,64,2.0,王刚
ME-90,生物材料,48,3.0,"宗瑜瑾,马玉菲"
ME-47,单片机与嵌入式系统,64,3.0,"周秦武,杨玥"
ME-59,数据结构与算法,40,2.0,"许夏瑜,杨清振"
ME-71,生物信息学,40,2.0,"张虎勤,吴晓明"
ME-77,物理治疗原理与设备,32,2.0,"张思远,王永波"
ME-83,生物传热与传质,32,2.0,"何晓聪,冯上升"
ME-07,微流控芯片技术,32,2.0,冯上升
ME-10,高等生物材料,32,2.0,"马玉菲,靳国瑞,魏钊"
ME-13,医用光学成像原理与仪器,32,2.0,"王斯佳,辛静"
ME-19,生物医学光子学,32,2.0,"辛静,姚翠萍"
ME-40,STM32核心板电路设计与制作,32,1.0,张博
ME-43,医疗器械研发管理与产品认证,40,2.0,"李剑君,张博"
ME-46,医学检验仪器,40,2.0,"翁国军,张博,杨玥"
ME-56,科研思维训练-1,16,0.5,"朱键,张建保,李剑君,宗瑜瑾,李菲,孙晓龙,王斯佳,何晓聪,钟徽,张四平"
ME-65,科研技能训练-1,16,0.5,"林敏,李剑君"
OL-11,生物2,40,2.0,闫菡
OL-26,生命科学基础I,56,3.0,"高琨,冯怡,丁岩,亓树艳,孙书洪"
OL-16,遗传学实验,32,1.0,朱东丽
OL-22,细胞生物学,48,3.0,丁岩
OL-28,遗传学Genetics,56,3.5,"闫菡,杨铁林,郭燕"
OL-37,Molecular Biology,48,3.0,"卢晓云,宋茜"
OL-40,遗传学,48,3.0,"杨铁林,郭燕"
OL-52,细胞生物学实验H,32,1.0,"高美丽,姜曼"
OL-58,分子生物学实验H,32,1.0,"亓树艳,孙书洪"
OL-45,分离综合开放实验,48,1.5,"张雅利,孔宇"
OL-51,生物化学-2,48,3.0,"彭韵桦,龙建纲"
OL-90,生命科学综合实验-1,32,1.0,"孔宇,孙书洪,李华,侯占武"
OL-93,生命科学前沿,32,2.0,"王昌河,丁毅,张义磊,谢文俊,黄荣,徐华栋,彭韵桦,李昊"
OL-05,代谢组学,32,2.0,"田中民,杨哲"
OL-29,合成生物学,32,2.0,谭丹
OL-38,生物制药技术,32,2.0,高美丽
OL-41,发酵技术与应用,32,2.0,高美丽
OL-47,基因编辑与基因治疗,32,2.0,陈锋
OL-50,生物组学与精准医学,32,2.0,"许洁,曹可"
OL-53,衰老生物学,32,2.0,"许洁,曹可"
OL-59,干细胞与再生医学,32,2.0,耿晶
OL-71,生物科技史,32,2.0,时乐
EM-29,生化仪器分析,32,2.0,"武亚艳,赵永席"
SJ-65,科研思维训练-2,16,0.5,"许丹,彭韵桦,成瀛,林敏,冯怡,杨哲,李昊"
AU-09,会计学,48,3.0,毛秋蓉
RE-24,破解中国经济发展之谜,32,2.0,李英东
MT-81,电子商务物流管理,32,2.0,魏修建
MT-02,电子商务原理,36,2.0,徐晓瑜
MT-05,网络经济学,34,2.0,"王智鑫,徐晓瑜"
MT-92,客户关系管理,32,2.0,王维
MT-10,多媒体技术,40,2.0,杨超凡
MT-28,电子政务,36,2.0,王立华
MT-31,人工智能概论,40,2.0,周博
MT-52,金融电子商务,40,2.0,张桂清
ND-31,经济学专业导论,16,1.0,"李聪,宋丽颖,杨万平,乔志林,李双燕,马草原,刘航,马贵元"
ND-85,宏观经济学Ⅱ,32,2.0,冯亚萍
ND-91,宏观经济学,64,4.0,贾小玫
ND-03,微观经济学,64,4.0,程瑜
ND-12,中级宏观经济学,48,3.0,"魏玮,赵方"
ND-24,博弈论,48,3.0,闫大卫
ND-30,人力资源管理,32,2.0,赵志平
ND-39,微观经济学,48,3.0,李华清
ND-42,公司理财,48,3.0,张成毅
ND-48,市场营销,32,2.0,张慧芳
ND-54,博弈论,48,3.0,闫大卫
ND-57,行为经济学,32,2.0,张蕾
ND-20,制度经济学,32,2.0,程瑜
ND-26,资本论选读,32,2.0,赵方
ND-29,环境与资源经济学,32,2.0,贾智杰
ND-32,公共经济学,32,2.0,贾小玫
ND-68,经济学概论,32,2.0,李华清
ND-80,行为经济学,40,2.0,"张蕾,乔志林"
ND-83,博弈论,32,2.0,王锋
ND-89,实验经济学,32,2.0,张蕾
ND-95,博弈论,32,2.0,闫大卫
NA-19,金融学,44,2.5,马瑶
NA-43,金融学,48,2.5,马文涛
NA-46,经济大数据分析,48,2.5,"李淑彪,王莹,董志龙,周博"
NA-27,国际金融学,40,2.5,何建奎
NA-30,中央银行学,32,2.0,景薇
NA-33,公司金融,32,2.0,李倩
NA-24,连续时间金融,32,2.0,王坤
NA-36,算法与数据结构,32,2.0,李淑彪
NA-72,公司金融,32,2.0,毛秋蓉
NA-75,金融市场学,48,3.0,毛秋蓉
NA-87,税务筹划,36,2.0,"薛晓琳,张雅丽"
NA-93,建行企业文化与普惠金融,32,2.0,李淑彪
NA-05,金融科技前沿讲座,32,2.0,李淑彪
NA-11,数字货币与金融风险管理,32,2.0,李锐
NA-14,现代金融学,48,3.0,马瑶
NA-26,数字经济概论,32,2.0,"林颖,樊仲琛"
NA-32,经济学原理,16,1.0,李华清
NA-38,随机过程,32,2.0,王坤
NA-35,投资项目评估,32,2.0,毛英
NA-56,金融风险管理,32,2.0,马草原
NA-59,互联网金融,32,2.0,"张成虎,王雪萍,王莹,李淑彪"
NA-47,政府采购管理,32,2.0,"宋丽颖,冯晨"
NA-74,外国税制,32,2.0,刘华
NA-86,金融工程案例分析,32,2.0,李岩
NA-95,金融大数据应用,40,2.0,"王莹,董志龙"
NA-01,投资基金管理,32,2.0,景薇
NA-10,量化投资技术与方法,32,2.0,"元向辉,李岩"
NA-25,经济金融中的数理模型,32,2.0,"张成毅,董志龙,马贵元"
NA-28,财税应用研究基础,32,2.0,程可为
NA-31,证券市场前沿与实务,32,2.0,程茂勇
ED-21,宏观经济学,32,2.0,闫大卫
TE-15,经贸汉语,64,4.0,徐丽华
TE-32,国际市场营销学,40,2.5,赵锴
TE-50,国际贸易实务,40,2.5,魏佳
TE-56,跨国公司经营管理,32,2.0,王增涛
TE-68,国际商务,32,2.0,陈绍俭
TE-31,国际经济合作,32,2.0,赵锴
AT-79,统计学,32,2.0,吴静娴
AT-63,国民经济统计学,32,2.0,周亚莉
AT-87,多元统计分析,44,2.5,严明义
AT-96,国民经济统计学,40,2.5,周亚莉
EC-36,产业经济学,48,2.5,蒋仁爱
EC-39,管理学,40,2.5,"宋林,吴春颖"
EC-60,现代物流管理,32,2.0,LI ZHENG
EC-63,公共关系学,24,1.5,刘泓汛
EC-66,连锁经营与管理,24,1.5,彭晖
EC-90,价格理论与实践,32,2.0,李江龙
EC-71,商业伦理学,32,2.0,彭晖
WS-75,中国法律史,32,2.0,杜军强
WS-81,国际法（英）,32,2.0,"单文华,谷婀娜"
WS-44,劳动与社会保障法学,32,2.0,王玉苹
WS-89,法律诊所,0,2.0,"张紫薇,苟学珍"
WS-92,商法学,48,3.0,楼晓
WS-01,国际经济法学,48,3.0,林雪贞
WS-07,经济法,48,3.0,"齐鹏,王碧"
WS-10,民法学与民事诉讼法学,48,3.0,聂卫锋
WS-13,法理学,48,3.0,苟学珍
WS-22,法律职业伦理,32,2.0,王碧
WS-25,国际私法学（英）,32,2.0,郭剑萍
WS-28,国际经济法学,32,2.0,陈虹睿
WS-34,国际经济法学（英）,32,2.0,"王鹏,谷婀娜"
WS-40,国际私法学,32,2.0,李万强
WS-52,知识产权法Ⅰ,32,2.0,李晓鸣
WS-73,知识产权法Ⅱ,32,2.0,周方
WS-00,刑法分论,48,3.0,苏青
WS-03,民法分论,64,4.0,"薛华,马宁,曹晓路"
WS-09,商法,32,2.0,楼晓
WS-33,经济法,32,2.0,"吴锐,苟学珍"
WS-04,立法学,32,2.0,张艾思
WS-16,法律方法,32,2.0,季雪亮
WS-31,金融法,32,2.0,曹毅搏
WS-43,信息安全法学,32,2.0,王玥
WS-06,律师制度与实务,32,2.0,王新雷
WS-57,国际投资法,32,2.0,"单文华,张生"
WS-96,国际知识产权法,32,2.0,权彦敏
WS-20,国际投资法（英）,32,2.0,"杜娟,张生"
WS-41,国际商法,32,2.0,陈虹睿
WS-19,法律翻译与法律英语写作,32,2.0,张紫薇
WS-67,法庭辩论与法律谈判,32,1.0,"李晓鸣,寿媛君"
WS-70,法律诊所,32,1.0,"苟学珍,张紫薇"
RE-38,论语的智慧,32,2.0,陆卫明
SJ-03,课程设计,0,1.0,宋希斌
MD-13,中国近现代史纲要,32,2.0,宋欢迎
MD-15,形势与政策2（民族预科）,32,2.0,李家胜
MD-21,形势与政策,32,2.0,李家胜
MD-92,马克思主义基本原理,48,3.0,刘占虎
MD-76,习近平新时代中国特色社会主义思想概论,48,3.0,陈建兵
MD-70,中共党史,48,3.0,"陆卫明,田建军,杜晓燕"
MD-73,思想政治教育原理与方法研究,48,3.0,"杨华,马忠,燕连福,朱旭,高飞,冯亮,雒自新,武星星"
MD-79,西方哲学史,48,3.0,寇爱林
MD-00,马克思主义哲学经典著作选读,48,3.0,"燕连福,李重,苏玉波,郑冬芳,王维国"
MD-06,马克思主义哲学原理,48,3.0,吴鹏
MD-51,现代西方经济学流派,48,3.0,樊晓燕
MD-81,当代中国政府与政治,32,2.0,王维国
MD-84,马克思主义与当代社会思潮,48,3.0,王哲
LI-13,政治经济学,48,3.0,刘儒
LI-70,形策2025春（专题十一： 两会精神：以人口高质量发展支撑中国式现代化 )武星星,2,0.0,武星星
LI-73,形策2025春（专题九：加快建设教育强国）张丹,2,0.0,张丹
LI-76,形策2025春（专题十六：当前我国社会思潮新趋势及其影响）陈永华,2,0.0,陈永华
LI-79,形策2025春（专题十四：新一轮科技革命的趋势与影响）刘珈彤,2,0.0,刘珈彤
LI-82,形策2025春（专题二：全球治理体系变革）朱旭,2,0.0,朱旭
LI-85,形策2025春（专题六：当前我国社会思潮新趋势及其影响）高飞,2,0.0,高飞
LI-88,形策2025春（专题五：台湾问题与两岸关系）李家胜,2,0.0,李家胜
LI-91,形策2025春（专题十：加快建设社会主义文化强国）冯亮,2,0.0,冯亮
LI-94,形策2025春（专题一：新一轮科技革命的趋势与影响）杨华,2,0.0,杨华
LI-00,形策2025春（专题十二：新一轮科技革命的趋势与影响）岳潇,2,0.0,岳潇
LI-03,形策2025春（专题四：当前我国经济形势与就业形势）段朱清,2,0.0,段朱清
LI-06,形策2025春（专题三：当前我国社会思潮新趋势及其影响）伊景冰,2,0.0,伊景冰
LI-09,形策2025春（专题十三：新一轮科技革命的趋势与影响)李婧,2,0.0,李婧
LI-12,形策2025春（专题八：加快建设教育强国）梁珊,2,0.0,梁珊
LI-15,形策2025春（专题七：当前我国社会思潮新趋势及其影响）张楠,2,0.0,张楠
LI-18,形策2025春（专题十五：建设教育强国）苏玉波,2,0.0,苏玉波
TH-16,专业导论（数学类）,16,1.0,"郭士民,徐宗本,李丽敏,曾薇,喻达磊,杨树森,贾骏雄"
TH-17,概率论,32,2.0,戴艳俊
TH-32,数学建模I,58,3.0,乔琛
TH-35,数学建模II,40,2.0,李换琴
TH-41,数学物理方程,32,2.0,王宇莹
TH-73,线性代数,64,4.0,王仁振
TH-76,基础数学实验,48,2.0,马军
TH-82,数学Ⅱ,48,3.0,陈虎民
TH-85,高等数学（留） II2,104,6.5,刘峰
TH-91,高等数学（民族预科）,96,6.0,邸双亮
TH-09,高等数学I-2,110,6.5,刘康民
TH-18,数学分析II-2,96,6.0,缑天祥
TH-27,数学分析I-2,96,6.0,"王立周,司飞"
TH-36,高等代数与几何I-2,96,6.0,"王卫,马世林"
TH-42,高等代数与几何II-2,80,5.0,"贾惠莲,王亚婷"
TH-45,概率论与数理统计,48,3.0,康艳梅
TH-48,概率统计与随机过程,64,4.0,"王宁,岳宗胜,魏恒嘉"
TH-57,高等数学I-2（留）,88,5.5,刘峰
TH-63,工科数学分析-2,99,6.0,"李继成,高安喜,薛尧"
TH-96,高等数学-2,80,5.0,韩国栋
TH-05,高等数学III-2,80,5.0,刘亚相
TH-14,高等数学IV-2,64,4.0,刘晋平
TH-20,高等数学V,64,4.0,朱旭
TH-31,复变函数,48,3.0,高正焕
TH-43,实变函数,64,4.0,刘小川
TH-60,概率论,64,4.0,程晓青
TH-66,随机过程,48,3.0,程晓青
TH-12,实变函数,64,4.0,尤波
TH-39,微分几何,48,3.0,张正策
TH-81,数值分析,48,3.0,郭士民
TH-87,偏微分方程数值解法,48,3.0,侯延仁
TH-23,多元数据分析与统计软件,58,3.0,张春霞
TH-49,机器学习,32,2.0,孟德宇
TH-71,统计学习(含R软件),32,2.0,张讲社
TH-80,近代数学选讲,32,2.0,"蒋耀林,王斌"
TH-89,动力系统初步,32,2.0,祖建
TH-01,数字图像处理,32,2.0,"孙剑,许翔宇"
TH-13,组合与图论,32,2.0,鲁红亮
TH-46,数值代数,32,2.0,王飞
TH-55,应用科学中的反问题,32,2.0,杨家青
TH-58,地学大数据分析,32,2.0,"王治国,吴帮玉"
TH-64,不确定数据分析,32,2.0,张红英
TH-33,分析讨论班,32,2.0,陆亚明
YS-84,固体物理,64,4.0,张胜利
ED-20,物理建模与创新实践,32,2.0,"赵述敏,蒋臣威,翟立朋,王晨辉,邱淑伟,方爱平"
YS-17,基础物理实验（预科）,16,0.5,"毛胜春,曹子君"
YS-20,物理学导论,16,1.0,"夏明岗,赵铭姝,赵永涛,冯俊"
YS-32,大学物理III（米理）,64,4.0,"王喆,娄晓杰"
YS-38,普通物理学 原子物理学,48,3.0,邵国运
YS-47,电动力学,64,4.0,"田光善,赵迪"
YS-10,热学,48,3.0,高博
YS-16,电磁学,48,3.0,刘博
YS-19,原子物理学,48,3.0,任雪光
YS-69,电磁学,64,4.0,陈晓林
YS-58,大学物理III,64,4.0,喻有理
YS-61,大学物理IV,64,4.0,卜涛
YS-73,大学物理实验II,32,1.0,肖国宏
YS-00,现代物理基础导论,48,3.0,赵迪
YS-15,大学物理II-1,64,4.0,"徐忠锋,王小力,姜雯,潘璇,薛坤,谢吉坤,钟长春"
YS-24,大学物理实验I-1,32,1.0,王晨辉
YS-39,自然科学发展概论,48,3.0,"杨森,吕东梅"
YS-45,理论力学,48,3.0,王延申
YS-48,物理（民族预科）,64,4.0,方爱平
YS-75,大学物理学（实验）Ⅰ,32,1.0,"翟立朋,常凯歌"
YS-81,大学物理学（理论）1,64,4.0,"李宏荣,邵怀爽,方爱平"
YS-87,基础物理实验-1,32,1.0,胡龄之
YS-13,创新物理实验Ⅰ,64,2.0,"王红理,赵述敏,冯雪红,翟立朋"
YS-36,电动力学,64,4.0,张鸿飞
YS-86,理论力学,64,4.0,"冯俊,李福利"
YS-01,固体物理,48,3.0,王宇
YS-37,综合物理实验Ⅱ-1,32,1.0,"张俊武,张倩,邱淑伟,童童,高博"
YS-43,创新物理实验II,32,1.0,"王红理,冯雪红,翟立朋"
YS-03,原子物理学,64,4.0,"赵永涛,任洁茹,王兴"
YS-06,原子分子光物理,48,3.0,"赵迪,张仁,刘博,蒋臣威"
YS-92,光学设计,32,2.0,唐茜
YS-31,材料物理专门实验2,32,1.0,郭永利
YS-52,粒子物理导论,32,2.0,李荣
YS-64,凝聚态物理学导论,64,4.0,"夏明岗,刘杰"
YS-67,材料物理性质,32,2.0,周超
YS-76,量子信息创新实验,32,1.0,"冯雪红,张沛,高宏,卫栋,王晨辉,王云龙,刘瑞丰"
YS-11,综合表达与写作,32,2.0,"杨森,赵铭姝,柯小琴"
YS-09,数字图像处理与分析,48,3.0,张俊武
YS-42,材料计算与模拟,32,2.0,杨涛
YS-55,科研训练I,32,1.0,高博
YS-14,科研训练II,32,1.0,冯俊
YS-29,纳米物理导论,32,2.0,"夏明岗,程曌芳"
MP-27,大数据技术与应用,32,2.0,"李清宏,王洋"
ND-66,卫生经济学,24,1.5,"赖莎,范小静"
ND-72,宏观经济学Ⅲ,32,2.0,杜巍
ND-75,计量经济学,32,2.0,"李清宏,王洋,范小静"
ND-90,公共经济学,32,2.0,雍岚
ED-88,经典导读：集体行动的逻辑,16,1.0,"王洋,何晓晨,杜海峰"
SJ-02,科研训练,32,1.0,范小静
GT-42,项目管理,32,2.0,石琛
GT-63,职业生涯规划,32,2.0,"马伟,胡晗"
GT-69,政府公文写作,32,2.0,"梅红,刘瑞佳"
GT-87,管理运筹学,32,2.0,"郭雪松,马宁"
GT-90,应用统计学,64,4.0,"许永建,杨小军"
GT-02,公共政策学,32,2.0,刘慧君
GT-23,社会保险理论与实务,32,2.0,章芬
GT-26,劳动经济学,48,3.0,胡芳肖
GT-86,国家公务员制度,32,2.0,白萌
GT-95,公共治理,32,2.0,"刘遥,刘晨晖"
GT-10,城市管理学,32,2.0,胡春萍
GT-16,电子政务,32,2.0,"马宁,刘晨晖"
GT-19,保险学,32,2.0,杨潇
GT-28,劳动关系学,32,2.0,"代秀亮,张泽滈"
GT-40,政府与企业,32,2.0,"刘朔,杜鸣溪"
LI-90,中外政治思想史,32,2.0,吕书鹏
LI-83,国际政治,32,2.0,崔瑞锋
CH-19,外国建筑史1,32,2.0,刘怡
CH-76,住宅建筑设计原理,16,1.0,张定青
CH-82,城市规划原理,32,2.0,曹象明
CH-91,风景园林设计原理,24,1.5,杨晗孜
CH-18,素描,80,4.0,石峰
CH-21,建筑表现技法-1,24,1.0,张冬冬
CH-87,美术基础-2,80,4.0,石峰
CH-75,建筑设计基础-2,96,4.0,雷耀丽
CH-83,世界遗产概论Introduction to World Heritage,24,1.5,李红艳
CH-95,建筑初步设计与施工图设计,24,1.0,王佳
CH-52,传统建筑理论（英）,24,1.5,周晶
EA-12,热质交换原理与设备,32,2.0,"党政,徐晗"
EA-18,暖通空调,56,3.5,"张联英,关博文,张胜"
EA-24,建筑冷热源,48,3.0,"王沣浩,王志华"
EA-27,建筑设备自动控制,32,2.0,王军
SE-59,建筑环境综合实验-2,16,0.5,马从付
SE-62,暖通空调综合设计,96,3.5,"孔琼香,张联英,关博文"
VL-19,房屋建筑学,44,2.0,"黄晓林,孙萍萍,孙中豪"
VL-39,土木工程施工,32,2.0,"岳焱超,高云,罗冬"
VL-48,测量学,40,2.0,"罗冬,韩波"
VL-60,结构力学-1,64,4.0,张玲玲
VL-84,土木工程材料,46,2.0,"王剑云,侯健,侯月琴"
VL-87,弹性力学,32,2.0,张敬华
VL-04,工程经济与项目管理,24,1.5,"张玲玲,魏欣"
VL-43,混凝土结构设计,40,2.0,宋丽
VL-49,钢结构设计,40,2.0,薛晓敏
VL-58,桥梁工程,40,2.0,苏有华
VL-61,工程结构抗震,24,1.5,"马建勋,岳焱超,陈晓光"
VL-70,城市应急管理与防灾减灾,24,1.5,"许领,吴冰,魏欣,左璐,赵腾远,陆世锋"
VL-03,房地产开发与经营,32,2.0,张妮
VL-62,土木工程综合实验,48,2.0,"韩波,左璐"
VL-65,结构设计实践,32,1.0,"韩波,侯月琴"
RS-11,人居环境科学概论,16,1.0,"张硕英,曹象明,张定青,王新轲,WANG YUPENG,顾兆林,程燕"
RS-14,环境热力学,64,4.0,"张云伟,顾兆林,李进,陈美娟"
RS-22,环境生物学,56,3.0,"唐龙,刘宗宽,徐芙清,邓时海"
RS-06,生态学,48,3.0,"张凡,王俊淇"
RS-09,环境工程学,96,5.0,"石烜,梁继东,金鑫,王文东,徐芙清,刘宗宽,姜泽宇,田明姣"
RS-21,城市遥感技术,16,1.0,许威
RS-92,城市气象与极端灾害,40,2.0,"贝耐芳,张云伟,李瀚瑛,沙丽娟"
ED-30,中国历史建筑与传统文化,32,2.0,"张钰曌,王佳,YEO SOK YEE"
SJ-04,建筑模型制作6,16,0.5,吴志勇
SJ-10,建筑模型制作2,16,0.5,吴志勇
SJ-13,建筑模型制作3,16,0.5,吴志勇
SJ-16,建筑模型制作4,16,0.5,吴志勇
SJ-28,设计实践1,16,0.5,雷耀丽
SJ-31,设计实践2,16,0.5,雷耀丽
SJ-37,设计实践4,16,0.5,戴靓华
SJ-43,设计实践6,16,0.5,张钰曌
SJ-71,创新创业实践III,80,2.0,戴靓华
SJ-74,创新创业实践IV,40,1.0,戴靓华
SJ-80,创新创业实践I,160,4.0,戴靓华
NG-26,工程算法设计与模型求解,47,2.0,"张永海,方嘉宾"
NG-28,化工安全,32,1.5,"胡准,林波,陈磊"
NG-55,化学反应工程,48,2.5,"伊春海,谢涛"
NG-64,化工原理实验-1,16,0.5,张瑜
NG-73,化工原理-1,56,3.0,"魏进家,谢涛,欧鸿辉"
NG-76,工程热力学,40,2.5,"孙杰,王睿,杨福胜"
NG-79,流体力学,40,2.5,"方嘉宾,蔡柳溪"
NG-82,化工安全与环保,32,2.0,"胡准,黄正清,郭坤,卢柄璋,李贺"
NG-63,过程装备智能制造基础,32,2.0,"邓建强,何阳"
NG-66,过程设备设计,48,2.5,"侯雄坡,魏进家,齐宝金"
NG-69,过程装备控制技术,56,2.5,"张早校,吴小梅,吴震,侯雄坡"
NG-84,化工传递过程,52,2.5,"刘永忠,康丽霞"
NG-02,化工仪表及自动化,32,1.5,"闫孝红,周文静"
NG-89,化工工艺学Ⅱ,24,1.5,"邓建强,曹峥"
NG-92,化工机械强度与振动,24,1.5,张海滨
NG-04,反应器设计,24,1.5,"王斯民,王家瑞,侯雄坡"
NG-22,过程装备腐蚀与防护Ⅰ,24,1.5,"胡海军,钟显康"
RE-80,资源、能源、环境和社会,32,2.0,"费强,杨庆远,刘敬军,魏进家"
DE-09,创新项目设计,32,1.0,"刘永忠,康丽霞"
SJ-09,创新科研训练,64,2.0,齐宝金
TR-09,化工设计,80,3.0,"黄哲庆,康丽霞"
AC-10,妇产科生产实习B,0,6.0,李雪兰
AC-31,外科生产实习B,0,18.0,孙学军
SM-33,病理生理学,90,5.0,"刘瑞,邓秀玲,孙宏志,刘进军,王燕,王新凤,冯洁,张伊,庞正达"
SM-36,局部解剖学,108,4.0,"董炜疆,冯改丰,许杰华,杨蓬勃,靳辉,肖新莉,钱亦华,杨维娜,贾宁,张建水"
SM-42,病理学,153,7.5,"任淑婷,张海峰,赵长安,孙颖,孙瑞芳,莫立平,周党侠"
SM-51,病理生理学,60,3.0,"刘瑞,邓秀玲,王燕,刘进军,王新凤,冯洁"
SM-57,人体寄生虫学,36,2.0,"司开卫,张旭"
SM-63,组织学与胚胎学,96,5.0,"吴晓林,田宏,武捷,张晓田,周劲松"
SM-11,病理解剖学,68,3.5,"任淑婷,张海峰,赵长安,孙颖"
SM-14,药理学Ⅰ,24,1.5,"徐佳曦,陈莉娜"
SM-56,局部解剖学,64,2.5,"许杰华,董炜疆,冯改丰,贾宁,张建水,杨蓬勃,胡明"
SM-59,医学微生物学,56,3.0,"王洪亮,刘成程,寻萌"
SM-71,医学微生物学,48,2.5,"陈艳炯,韩蕾,杨娥"
SM-77,机能实验学,48,1.5,胡浩
SM-80,人体分子与细胞- II,64,4.0,"杨旭东,蒋小英,雷莉,侯妮,赵凌宇,陈妍珂,肖正涛,王一东"
SM-83,人体形态学-II,24,1.5,"孙颖,孙瑞芳,姚秦钰,赵长安"
SM-86,整合实验-Ⅱ,112,3.5,"周党侠,任淑婷,蒋小英,杨旭东,俞小瑞,孟凯,莫立平,孟列素,史小莲,雷莉,李冬民,王新凤,胡浩,张莉,孙颖,崔刚,赵长安,贺建宇,陈丽,王涛,陈妍珂,侯妮,赵凌宇,郑芳,武一,孙瑞芳,李海韵,徐晶,赵铭,张海峰"
SM-01,人体功能学,96,6.0,"张莉,霍福权,王涛,郭媛,王新凤,刘瑞,赵铭,陈莉娜"
SM-04,人体分子与细胞-Ⅰ,64,4.0,"李冬民,杨娟,秦棪楠,赵柏林,郑芳,杨旭东"
SM-07,基本科研素养,24,1.5,"刘进军,刘利英,赵四海,张澍,陈莉娜,翟中会,李冬民,孟列素"
SM-10,人体分子与细胞,64,4.0,"李冬民,武一,杨娟,杨旭东,李海韵,陈妍珂"
SM-61,医学实验动物学,32,1.5,"刘恩岐,王蓉,白亮,屈鹏祥,王维蓉,赵四海,郭龙"
SM-67,口腔局部解剖学,56,2.0,"胡明,任文婷,杨蓬勃,钱亦华"
SM-73,生理学,56,3.5,"王涛,陈丽,王玉英,丁毅,陈坷,姚婷,宋琳"
SM-76,免疫学,40,2.0,"史霖,雷艳君,季延红,马运峰"
SM-82,病理生理学,32,2.0,"李会霞,冯洁,庞正达,佘刚,王燕,张伊"
SM-85,病理学,40,2.0,"孙颖,崔刚,刘甲"
SM-06,生理学,64,4.0,"刘健,郭媛,罗肖,张莉,李宏宝"
SM-21,机能实验学Ⅰ,32,1.0,"胡浩,史小莲,张莉,贺建宇,陈丽,郭媛,王涛,孟凯,孙强,王玉英,李宏宝,冯洁,朱延河,李迎,庞正达,李会霞,齐杰,陈坷,魏晓静,姚秦钰,赵铭,刘甲,宋琳"
SM-30,全科医学教育,32,2.0,"宋彬,王明旭,张玮"
SM-44,生理学,72,4.5,"陈丽,姚璐,王勇,魏晓静"
SM-53,分子生物学实验方法与技术,32,1.0,杨旭东
SM-62,机能学实验方法与技术Ⅲ,24,0.5,胡浩
SM-65,学科交叉专题,32,2.0,"张德文,吴春生,王健,马永强,王亮,方宇,阎春霞,吕海侠,马乐,张谞丰,黄辰,张明真,孟列素,陈艳炯,徐云刚"
SM-68,综合实验设计,32,1.0,吕海侠
SM-89,免疫学与分子免疫学,50,3.0,"王军阳,周晓勃,史霖,季延红,马运峰,张保军,孙晨鸣,侯玉柱"
SM-95,医学实验方法与技术II,104,3.0,"胡浩,史小莲,赵铭"
SM-08,断面解剖学,32,2.0,"钱亦华,冯改丰,张建水,杨维娜,胡明,杨蓬勃,陈新林,高菱鸽"
SM-22,医学科研方法与综合实验,40,2.0,"季延红,黄辰,周劲松,李冬民,刘健,胡浩,林蓉,陈新林,吕海侠,吴春生,杨娟,刘恩岐"
SM-25,医学前沿专题,48,3.0,"吕海侠,霍福权,陈新林,梁玲利,张莉,姚璐,张保军,侯玉柱,张明真,康玉明,徐佳曦,刘进军,吴春生,杜立萍,吕社民,李冬民,郑芳,闫继东,朱文华,高丹"
CH-46,生物化学,32,2.0,"马捷,蒋晓刚"
ME-30,医工学基础,32,2.0,"刘进军,孟列素,和水祥,王渊,吴春生,杜立萍,庄健,王健,张德文"
OL-30,生物化学,128,7.0,"李海韵,郑芳,朱文华,吴昊,孟列素,李冬民,肖正涛,蓝茜,赵柏林,杨旭东,蒋晓刚,马捷"
OL-42,分子生物学,44,2.0,"蒋晓刚,蒋小英"
NG-23,化工原理,72,4.5,"杨小平,周文静,卢闻,贺怀贞,侯晓芳,王程"
IM-63,放射诊断学,48,2.0,"杨健,张静平,丁宁宁,徐贵平,白璐,李晨霞,孙亲利"
IM-66,耳鼻咽喉科学,24,1.5,"任晓勇,张滟,高滢,张燕妮,闫静"
IM-69,医患沟通与技巧,16,1.0,常捷
IM-29,中医学,56,2.5,"赵娇,孙连庆,胡珊,夏欣欣,张哲"
IM-32,精神病学,32,1.5,"马现仓,陈云春,王崴,郭丽阳,杨小波,朱峰"
IM-35,内科学,48,2.5,"张岩,苏丹,秦斌,赵菊辉,万晓龙,田李芳,韩锦,蒙珊,张亦琳,张静,厚荣荣,张春艳,张明,王春亚,蒋伟"
IM-41,神经病学,54,2.5,"杨剑波,俱西驰,张玉蓉,王瑾,康丽,祁磊"
IM-47,皮肤性病学,32,1.5,"周艳,刘文丽,张子茜,张键,穆欣"
IM-50,急诊医学,32,1.5,"石秦东,郭利涛,苗常青,滕琰,刘昱,李昊,许静,梁欢,杜俊凯,黎明,许静"
IM-65,眼科学,32,1.5,"裴澄,吴昌睿,胡亚光,刘思伟,崔丽珺,雷剑琴,李晶明,魏婷,刘轩"
IM-68,儿科学,108,5.5,"史瑞明,周熙惠,张葳,杨永华,丁玎,刘丽,林晓洁,肖谧,曹禺,曹晓琴,何敏,刘海玲"
IM-71,急诊医学,30,1.5,"石秦东,杜俊凯,李昊,吴永兴,许静"
IM-74,医学影像学,72,3.0,"强永乾,杨健,金晨望,张明,丁宁宁,张静平,刘婷,荐志洁,王斐,李晨霞,孙亲利,王蓉,王亚蓉,牛刚,梁挺"
IM-77,皮肤性病学,27,1.5,"周艳,穆欣,韩丹,葛睿"
IM-80,口腔科学,32,1.5,"陈曦,陶洪,李大旭,孙俊毅,赵亮,李兴强,程百祥,吉玲玲,陈诚,程政,李珏丹,姚天华,屈凌寒,杨利洒"
IM-92,诊断学,120,5.5,"蒲丹,吕晶,陈明伟,路万虹,刘星君,杨春,孙怡宁,吴迪,范力宏,白玲,李红霞,樊萍,肖懿慧,金李,卢群,宋艳,刘海波,阳甜,卢新兰,任莉,石志红"
IM-95,耳鼻咽喉科学,32,1.5,"张少强,李宏慧,张婷,刘利锋"
IM-10,内科学Ⅰ,56,3.0,"浮姣,李慧贤,贺雅毅,高楚淇,刘淑,兰平,解新芳,吕佳"
IM-13,耳鼻咽喉科学,27,1.5,"邵渊,韩鹏,刘俊松"
IM-16,眼科学,27,1.5,"雷剑琴,崔丽珺,吴捷,吴昌睿,赵文心,马波,刘轩"
IM-19,急诊医学,28,1.0,"裴红红,古长维,彭卓,高彦霞,潘龙飞,张正良,党晓燕,王立明"
IM-25,外科学,84,3.5,"曹罡,马磊,刘阳,韩梅宁,李宗芳,李华,马建仓,杨佩,陆宏伟,闵卫利,管海涛,徐金锴,吴涛,李鹏,陈海文,郭振宇,单涛,张岩,张晋"
IM-31,医学影像学,90,4.0,"杨健,张静平,范妤欣,丁宁宁,刘婷,徐贵平,张毅力,孙亲利,白璐,李晨霞"
IM-34,内科学Ⅰ,72,3.5,"王毅,牛丹,吕晶,吴晓燕,郝志明,郭辉,解立怡,陈天君,孙吉平,任徽,杨世峰,李丹,党晓敏,朱柏,吕晓虹,李宏"
IM-37,口腔科学,27,1.5,"陈曦,刘治,陈江浩,李大旭,陶洪,赵亮"
IM-43,精神病学,27,1.5,"陈云春,马现仓,王崴,王睿,朱峰"
IM-49,外科学Ⅰ,120,6.0,"邢俊平,王铮,郑少华,郑瑾,林婷,夏鹏,冒平,王吉昌,李新举,张广健,仵正,郑鑫,耿智敏,李萌,李徐奇,王瑞,聂会勇,郑见宝,李勇新"
IM-52,传染病学,72,3.0,"何英利,石磊,张曦,杨瑗,刘锦锋,刘小静,牛迎花,陈红梅,陈云茹"
IM-15,毕业考试,0,0.0,柏宏亮
IM-18,皮肤感官系统与疾病,84,4.0,"耿松梅,霍福权,郑玉萍,周艳,曾维惠,王晓鹏,刘平,穆欣,郑焱,刘子瑶,赵琳,马君择,周爱意,张晓辉,马伟军,王建明,祝康,白艳霞,姚小宝"
IM-24,运动系统与疾病,48,2.5,"李浩鹏,马巍,晋瑞,李萌,杜恒,高宗强,张纯,刘瑞宇,张晨,杨佩,尹战海,张银刚,王伟,边卫国,乔鸿飞,张廷"
IM-30,呼吸系统与疾病,68,3.5,"李洋,陈天君,尚东,杨拴盈,和平,刘昀,杨侠,张洁,吴齐飞,方萍,张晋,牛刚,石志红,马跃峰,孙颖,史小莲,牛晨,史红阳,张明,石璞玉,谢新明,庞亚梅"
IM-39,肿瘤学概论,32,2.0,"刘棣,张保军,任淑婷,郭卉,张淑群,杨谨,李宗芳,尹晓然,吴喜利,施璠,马瑾璐,董丹凤,王乐,马海琳,龚拓拓"
IM-42,血液系统与疾病,48,2.5,"姚璐,周晓勃,孙强,李静,张鹏宇,刘华胜,杨云,习杰英,王芳侠,王怀宇,吴迪,赵万红,贺鹏程,白菊,王剑利"
IM-45,心血管系统与疾病,68,3.5,"牟建军,张明娟,邓惠兴,王顺,张岩,刘进军,周筠,白玲,寇惠娟,孙颖,张卫萍,郭宁,邓捷,高登峰,范力宏,李勇新,陈涛,田红燕,王海晨,金晨望"
IM-48,女性生殖系统疾病,88,4.0,"吕淑兰,韩蓁,宗璐,李春芳,黄谱,宋青,王慰敏,邹余粮,杨新园,杨筱凤,童国庆,陈茜,尉春艳,段钊,高庆,顾中亮,吴晓玲"
IM-60,临床技能实践-Ⅱ,32,1.0,"柏宏亮,卢群,辛爱利,秦星,王文静,陈伟,王悦,巩敏杰,王健,李涛,姚博文,张卓,杨卫周,余学元"
IM-75,诊断学,158,7.5,"强薇,李静,王晓宁,殷燕,黄欣,杜媛,王顺,卢新兰,罗妙莎,冯云,刘海波,刘亚萍,李少军,刘亚,胡婷华,周博,折剑青,宁菲菲,王晓培,王志刚"
IM-78,外科学-1,126,6.0,"廖新华,姬文晨,聂会勇,夏鹏,白转丽,郑瑾,杨林,张勇,殷国志,高巍,周和平"
IM-90,临床技能学,30,1.0,"柏宏亮,卢群,辛爱利,姚博文"
IM-93,神经与精神疾病,60,3.0,"张茹,王虎清,孙宏,刘璟洁,卜宁,展淑琴,张欢,姚丽,王亚萍,高珂"
IM-96,临床医学导论,56,3.0,"郭晓燕,殷艳蓉,吴娟娟,赵刚,薛嘉虹,和水祥,张明,姜珏,高蕊,樊林,柏宏亮,张蓬勃,田普训,张晓智,李徐奇,蔡宏伟,陈涛"
IM-02,运动系统与疾病,40,2.0,"李浩鹏,马巍,晋瑞,李萌,杜恒,高宗强,张纯,刘瑞宇,张晨,杨佩,王伟,乔鸿飞,边卫国,张银刚,尹战海,秦杰"
IM-05,免疫系统与疾病,36,2.0,"季延红,周晓勃,孙丽娜,马运峰,侯玉柱,史霖,孙晨鸣,雷艳君,王军阳,何岚,郝志明,胡楠,李学义"
IM-08,病原与感染性疾病,64,3.0,"李海,司开卫,张旭,党双锁,杨瑗,张欣,何英利"
IM-23,泌尿系统与疾病,40,2.0,"陈海文,任淑婷,种铁,陈莉娜,薛力,付荣国,付德来,张鹏,冯婕,陈钊,邢俊平,刘华"
IM-26,儿童生长发育与疾病,40,2.0,"杨琳,帖利军,周戬平,宋红霞,郭亚乐,史瑞明,徐尔迪,廉国利,李丹,周熙惠"
IM-12,核医学,32,1.5,"邓惠兴,杨爱民,高蕊,贾茜,耿倩倩,薛建军"
RE-44,健康与疾病,32,2.0,"卢新兰,邓景元,黄省利,路万虹,周灿,高杨,施秉银"
LC-12,医用电子学,32,2.0,张方
RM-18,法医法学,48,2.5,"魏曙光,朱杰,朱永生,张洪波"
RM-26,法医案例综合分析,24,1.5,"樊栓良,马丽霞,顾姗智,韩卫,高雅,张洪波,张宝,王振原"
RM-27,法医病理学,160,7.5,"王振原,刘新社,李涛,张玉向,阎春霞,樊栓良"
RM-30,法医物证学,120,5.5,"赖江华,张宝,孙钦儒,张洪波,朱永生"
RM-35,法医毒理学,56,3.0,"马丽霞,井航,党永辉"
RM-44,法医临床学与人类学,88,4.5,"顾姗智,朱杰,陈腾,贾晓俤,高雅,官方霖"
RM-16,法医心理学,44,2.5,"党永辉,孙钦儒,贾晓俤,韩卫,官方霖"
ST-22,医学史,24,1.5,"宋彬,王明旭"
FT-46,医学信息检索与利用,16,1.0,翟中会
SJ-25,临床护理实习,0,19.0,王小琴
SJ-27,法医专业实习,0,10.0,朱杰
SJ-32,临床技能训练,0,1.0,"柏宏亮,卢群"
SJ-35,临床内外科实习,0,9.0,"何爱丽,种铁,周戬平"
SJ-41,临床教学实习,0,16.0,马兴
SJ-85,专业实习,160,4.0,吕海侠
SJ-91,临床药学专题实习,400,10.0,"张抗怀,封卫毅"
SJ-15,口腔基础技能训练,80,2.0,"裴丹丹,王方,侯琳娜,张雨萌"
SJ-18,社区护理实习,80,1.0,郭晓元
SJ-42,外科生产实习Ⅰ,720,18.0,马兴
SJ-45,口腔外科生产实习,640,16.0,"裴丹丹,王方,侯琳娜,张雨萌"
SJ-51,传染科生产实习,120,3.0,王渊
SJ-60,内科生产实习Ⅲ,560,14.0,王渊
SJ-69,妇产科生产实习Ⅰ,240,6.0,李雪兰
SJ-72,儿科生产实习,120,3.0,王渊
TL-23,口腔材料学,32,1.5,"雷波,邓晓红,肖敏,孙雪飞,党薇"
RS-33,护理人文素养,48,2.5,"周凯娜,方华,王小琴,杨磊"
RS-39,健康评估,64,3.0,"施齐芳,吕爱莉,李宁,王婧"
RS-42,护理教育学,30,1.5,"李津,高睿"
RS-48,护理学导论,48,2.5,"李小妹,李津,张婧珺,杨磊,周凯娜"
RS-51,基础护理学-1,72,3.0,"王娣妙,高睿,郭晓元,张迎,米晓芬"
RS-26,护理研究,28,1.5,"蒋文慧,方华,杨磊,王小琴"
RS-31,老年护理学,24,1.5,"顾炜,张迎"
RS-32,护理管理学,28,1.5,"张银萍,顾炜"
RS-35,急危重症护理学,32,1.5,"张银萍,顾炜"
RS-38,外科护理学 Ⅱ,72,3.5,"高睿,李津,罗艳,吴娜"
RS-50,内科护理学 Ⅱ,72,3.5,"李宁,吕爱莉,施齐芳,王婧"
RS-56,精神健康与心理护理,48,2.5,"郭丽阳,马明芳,伏炜,李雅妹,周莉娜,姜文慧,贾敏,文炳龙"
RS-19,人工智能与护理,16,1.0,"杨磊,张婧珺,张迎"
MA-36,生药学,64,3.0,"牛晓峰,王戌梅,刘霞,高昕,展颖转,周涛"
MA-39,药物分析,64,3.0,"侯晓芳,解笑瑜,景王慧,郝旖"
MA-42,药物流行病学,24,1.5,"吴谦,王丽荣,沈明望,齐欣,张天啸"
MA-45,生物药剂学,40,2.0,"李维凤,张彦民,韩省力,张沛沛,董凯"
MA-38,波谱解析,40,2.5,"朱宇红,张新新,张海龙"
MA-44,有机化合物波谱解析,40,2.5,"张卉,詹冠群,郭增军"
MA-29,药物分析学,80,4.0,"曾爱国,南冠君,罗智敏,景王慧"
MA-47,化学制药工艺学,64,3.0,"魏晓峰,潘晓艳,毛帅"
MA-77,天然药物化学,48,3.0,"郭增军,张卉,朱宇红,詹冠群,张海龙,张新新"
MA-80,药剂学,100,4.5,"邢建峰,李维凤,王珂,张继业,董凯"
MA-83,临床药物治疗学各论 Ⅱ,80,4.0,"杨乾婷,张丽娜,李亚,杨鑫,谢姣,赵文娜,余静洁,鲍和,逯星竹"
MA-86,临床药物治疗学各论 Ⅰ,80,4.0,"王海涛,鲍和,季美汐,王娜,李莎,张莉,康力敏,谢姣,李友佳,王岩,马新文,杨乾婷"
MA-89,工业药物分析,64,3.0,"曾爱国,罗智敏,景王慧,韩省力,张彦民,张涛"
MA-07,药物合成反应,64,4.0,"黄渊,辛敏行,朱云博,张杰"
MA-13,药用植物学实验,32,1.0,"牛晓峰,高昕,刘霞,王戌梅"
MA-37,药用植物学,24,1.5,"牛晓峰,高昕,刘霞,王戌梅"
MA-76,药物合成反应实验,46,1.5,"魏晓峰,黄渊"
MA-16,生药显微鉴定技术,28,1.0,"王戌梅,牛晓峰,刘霞"
MA-19,临床药物治疗学,32,2.0,"王陶陶,马文兵,游翠玉,景临林"
MA-25,药物设计学,24,1.5,"李义平,毛帅"
MA-22,药学研究进展,32,2.0,"方宇,罗文娟,张继业,张新新,解笑瑜,侯晓芳,包涛,张杰,周涛,景王慧"
MA-31,药物分离与检测科学,24,1.5,"侯晓芳,郝旖,景王慧,魏芬"
MA-40,药品生产质量管理,18,1.0,"姜明欢,方宇,赵明月"
YL-38,护理心理学基础,56,3.0,"张银萍,顾炜"
BH-36,临床营养学,24,1.5,"于燕,程悦"
BH-19,卫生化学,56,2.5,"韩蓓,孔利云,祁菲菲,程悦"
BH-22,卫生毒理学,64,3.0,"石兴民,安菲菲,李静"
BH-25,卫生微生物学,40,2.0,"薛晚利,孔利云"
BH-28,数据管理与分析,32,1.5,"吴谦,沈明望,张天啸,肖生彬"
AT-23,生物统计学,32,1.5,"赵亚玲,李强"
AT-16,生物统计学,96,4.5,"李强,李超,杨姣梅,陈方尧"
OM-06,口腔医学导论,16,1.0,"董茜茜,董炜疆,虎小毅,侯玉霞,牛林,陈悦,高江红,刘中博"
OM-47,口腔生物学,40,2.0,"许丹,李昂,裴丹丹,高江红,孟昊天,刘瑾,刘中博"
OM-80,牙周病学Ⅰ,24,1.5,"刘瑾,周欢,赵晓丹,张佳喻,苗棣"
OM-83,全口义齿修复学,80,3.0,"牛林,李蕴聪,赵巍,汪鹏,牛昱"
OM-86,牙体手术学,48,2.0,"董茜茜,刘青,刘文静,傅姗琦,王小勤,方高峰,薛云鹏"
OM-89,牙合学,24,1.0,"王爽,亓坤,王方"
OM-92,口腔放射诊断学,40,2.0,"虎小毅,苗棣,王涛,方高峰,李立峰,廖立凡,杨柳小溪,吕成鹏,郭治辰"
OM-95,社区牙科学,48,2.0,"田剑刚,高江红,张斌,陈诚,张月"
OM-01,牙髓病学Ⅱ,80,3.5,"董茜茜,薛云鹏,方高峰,刘文静,王小勤,牛玉梅,关晓月,傅姗琦,冯睿"
OM-10,口腔颌面外科学Ⅲ,60,2.5,"马思维,李旭奎,毕思思,郭治辰"
OM-16,口腔病理学,56,2.5,"辛颖,齐红,张佳"
OM-22,口腔正畸学,104,4.5,"王菲,邹蕊,侯玉霞,王爽,郭昱成,程姝丽,赵华翔,乔虎,邹薇,杨宇轩,王丽颖,普盼君,吉玲玲,鲍庆红"
OM-25,口腔种植学,20,1.0,"周秦,贺龙龙,廖立凡,赵宁波"
OM-31,牙体形态学,78,3.0,孙慧玲
OM-37,儿童牙病学Ⅱ,44,2.0,"肖刚,董宁,刘飞"
OM-43,口腔颌面外科学Ⅰ,90,4.5,"李旭奎,那思家,杨柳小溪,许方方"
OM-49,固定义齿修复学Ⅰ,80,3.0,"裴丹丹,甘婧,韩影,党薇,贺敏"
OM-73,口腔解剖生理学,40,1.5,"董炜疆,孙慧玲,王文斯,郭瑜鑫"
OM-76,口腔修复学,148,6.0,"牛林,裴丹丹,胡波,赵巍,甘婧,何治一,董少杰,张鹏,梁蓓蕾,王珍珍,王文斯,逯宜,李蕴聪"
OM-79,黏膜病学,20,1.0,"张佳,李琼华,董凯"
OM-88,口腔医学教育创新,16,1.0,"裴丹丹,王方,侯琳娜,张雨萌,亓坤,张智勇"
OM-91,合学,40,2.0,"王爽,亓坤,孙慧玲,王方"
OM-94,口腔正畸学,56,2.5,"邹蕊,侯玉霞,郭昱成,王菲,王爽,乔虎,管丽敏,王丽颖,赵华翔,程姝丽,普盼君,邹薇,杨宇轩"
OM-03,口腔组织病理学I,40,1.5,"李淑薇,齐红,辛颖,张佳"
OM-09,牙周病学,56,2.5,"李昂,苗棣,朱春晖,陈悦,司薇杭,张佳喻,申丁,赵晓丹,张斌"
SJ-08,热质储能系统设计-2,104,3.5,席奂
EM-27,化学专业导论课,16,1.0,"肖春辉,魏巍,张彦峰,丁书江,孙源慧,杨鸿辉,苏亚琼,成一龙"
EM-30,物理及化学基础实验,64,2.0,"白艳红,向丹,朱敏"
EM-33,基础化学Ⅰ,32,2.0,李健军
EM-48,无机化学Ⅰ-2,32,2.0,"张雯,李瑜"
EM-34,大学化学,48,3.0,"张雯,张莹"
EM-37,大学化学实验,32,1.0,郑阿群
EM-43,医用有机化学,64,4.0,许昭
EM-49,医用有机化学实验,48,1.5,李宝平
EM-55,普通化学原理-2,64,3.0,胡敏
EM-64,物理化学Ⅲ,112,5.5,"李骁勇,吴勇"
EM-67,物理化学Ⅱ,64,4.0,岳岭
EM-73,有机化学Ⅲ,48,3.0,郭丽娜
EM-79,无机与分析化学实验,32,1.0,向丹
EM-82,无机与分析化学,48,3.0,李银环
EM-12,储能化学基础实验-2,16,0.5,王耿
EM-15,储能化学基础-2,48,3.0,"高国新,周桂江,肖春辉"
EM-32,分析化学实验Ⅰ,32,1.0,高瑞霞
EM-41,无机化学实验Ⅰ-2,64,2.0,张雯
EM-44,现代仪器分析,48,3.0,梁军艳
EM-47,有机化学I-2,64,4.0,段新华
EM-56,物理化学,56,3.5,卜腊菊
EM-59,分析化学实验Ⅱ,32,1.0,李银环
EM-18,现代仪器分析实验,32,1.0,"郑阿群,张军杰"
EM-45,Organic Chemistry,64,4.0,"白艳红,焦佼,徐四龙,李洋"
EM-81,物理化学实验-1,32,1.0,王耿
EM-84,有机化学实验-1,32,1.0,王婉秦
EM-90,物理化学Ⅰ-1,64,4.0,"赵翔,魏巍,李骁勇,王栋东"
EM-96,有机化学实验-2,80,2.5,高品
EM-04,高等分析化学,32,2.0,高瑞霞
EM-07,化学绘图基础,32,2.0,周桂江
EM-10,有机合成化学,32,2.0,郭丽娜
EM-25,电化学基础,32,2.0,肖春辉
EM-40,有机光电原理及应用,32,2.0,"周桂江,杨晓龙,王栋东,孙源慧"
EM-46,能源化学创新实验,48,1.5,高国新
EM-58,合成化学创新实验,48,1.5,高国新
EM-62,化学生物学基础,32,2.0,孙杨
EM-77,高分子化学,32,2.0,"成一龙,张彦峰"
EM-80,无机制备化学,32,2.0,"梁军艳,熊礼龙"
EM-83,电化学基础,48,3.0,肖春辉
EM-89,高分子物理,32,2.0,"井新利,王淑娟"
EM-09,有机结构分析,32,2.0,胡明友
EM-92,绿色化学,32,2.0,王优良
RE-08,化学与人类文明,32,2.0,"张雯,李静"
SJ-46,科研训练-3,32,1.0,吕东梅
CH-42,建筑物理,64,4.0,"GiulianoDall'O',王赞社"
CH-78,建筑设计-2,96,4.0,"竺剡瑶,GerardoSemprebon,FabriziaBerlingieri"
CH-20,场地设计原理,24,1.5,王非
DE-24,产品设计创新材料,32,2.0,"ValentinaRognoli,杨眉"
DE-30,高级三维建模,64,3.0,"PietroPiazzolla,乔木"
DE-33,产品设计基础I,48,2.0,"PatriziaBolzan,杨延璞"
DE-45,设计符号学,32,2.0,"李宏伟,董琪"
DE-48,虚拟现实技术,40,2.0,"郑帅,王飞"
DE-51,人机交互技术与设计应用,40,2.0,"李晓玲,孙佳佳,王晶"
DE-60,设计思维与实践,48,2.0,"李宏伟,李萌,张德文"
DE-02,设计与建筑美学,32,2.0,"李晓玲,齐应涛"
DE-08,智慧产品设计,32,2.0,"VenereFerraro,雷思梦"
DE-14,数据科学方法和工具,32,2.0,"FrancescoPierri,王硕"
DE-17,工程与功能材料,32,2.0,"杨森,赵铭姝,田方华,周超"
DE-20,机器学习导论,40,2.0,庞善民
DE-71,设计实践-2,64,2.0,ValentinaRognoli
DE-86,设计实践-5,64,2.0,"PatriziaBolzan,杨增耀"
RE-47,经济学导论,32,2.0,秦波涛
RE-50,经济学的思维方式,32,2.0,俞炜华
RE-53,华尔街如何管理金融风险：交大财富课,32,2.0,张国平
ND-41,产业经济学Industrial Economics,48,3.0,郭誉森
ND-50,时间序列分析Time Series Analysis,48,3.0,Jae-Yoon Kim
NA-54,金融学原理,48,3.0,赵媛
NA-29,货币银行学Money and Banking,32,2.0,侯晓辉
NA-22,金融风险管理Financial Risk Management,32,2.0,张国平
ED-47,经济学与社会,16,1.0,俞炜华
LU-36,Essentials Of Finance,150,5.0,李晶
LU-39,Introduction To Macroeconomics,150,5.0,张一
LU-32,Maths for Economics and Business,150,5.0,"胡琳,Jae-Yoon Kim"
SM-35,测控技术导论,16,1.0,"杨青,汤晓君"
TO-44,自动化专业概论,16,1.0,蔡远利
TO-28,储能系统检测与估计,32,2.0,张乐
TO-83,运筹学I,48,3.0,周玉洲
TO-86,运筹学II,32,2.0,鄢超波
TO-89,自动控制原理 I 下,32,2.0,"杨清宇,张萌"
TO-68,运动控制系统（钱）,48,2.5,刘小勇
TO-25,系统建模与动力学分析,48,3.0,闫涛
TO-37,计算机网络原理与应用,48,2.5,杨静
TO-46,运动控制系统,40,2.5,杨旸
TO-22,信息物理融合能源系统,32,2.0,"管晓宏,徐占伯,吴江,刘坤,刘烃"
TO-31,系统仿真与元宇宙,32,2.0,卫军胡
TO-40,数字设计与计算机原理专题实验,32,1.0,"刘瑞玲,刘源"
TO-09,过程控制与系统,32,2.0,郑辑光
TO-12,计算机控制技术,32,2.0,"葛思擘,胡怀中,刘小勇"
TO-24,工业系统综合自动化基础,32,2.0,高峰
TO-87,自动控制原理专题实验2,16,0.5,景洲
TO-96,“运动控制系统”专题实验,32,1.0,刘源
TO-02,“现代检测技术”专题实验,32,1.0,刘瑞玲
TO-05,“计算机控制技术”专题实验,32,1.0,景洲
TO-08,电子线路设计设计训练专题实验2,24,0.75,刘美兰
TO-17,过程控制与系统专题实验,32,1.0,"刘瑞玲,王莹"
TO-59,智能控制,32,2.0,胡怀中
TO-71,移动机器人,32,2.0,吕娜
TO-74,数字图像与视频处理,40,2.5,"兰旭光,张雪涛"
TO-77,无线传感器网络,32,2.0,姚向华
TO-80,网络与信息安全,40,2.0,沈超
TO-95,智能机器人基础,32,2.0,曹建福
TO-13,自动控制原理II,48,3.0,郑辑光
DE-03,计算机组成与结构专题实验,32,1.0,"李晨,张玉龙,王飞,田丽华"
MP-33,网络空间安全导论,32,2.0,"苏洲,刘怡良,王云涛,李鹏"
MP-36,计算概论,32,2.0,"师斌,龚铁梁"
MP-31,大学计算机I（米理）,56,3.0,"薄钧戈,乔亚男,齐琪"
MP-34,大学计算机II（米理）,32,2.0,薄钧戈
MP-37,大学计算机 - 数据分析,52,3.0,张伟
MP-40,大学计算机 - 人工智能,52,3.0,崔舒宁
MP-43,大学计算机 - 信息技术,52,3.0,谢涛
MP-46,大学计算机 - 算法编程,52,3.0,陈龙
MP-49,算法设计与问题求解,36,2.0,乔亚男
MP-52,面向对象与桌面应用程序设计,36,2.0,房琛琛
MP-55,数据库技术及应用,36,2.0,"刘虎军,代锦飞"
MP-61,Web编程技术,36,2.0,"谢涛,李宏伟"
MP-64,物联网技术及应用,36,2.0,"齐琪,安健"
MP-67,大数据分析与可视化,36,2.0,夏秦
MP-39,离散数学A,64,4.0,"曹相湧,李文,彭祯"
MP-48,大学计算机基础（民族预科）,56,3.0,顾刚
MP-96,数字逻辑电路,48,3.0,顿玉洁
MP-87,程序设计基础,56,3.0,李锋
MP-24,计算机科学基础和高级程序设计-1,32,2.0,钱屹
MP-41,数据结构与算法A（拔尖班）,80,4.0,顾刚
MP-02,无线传感器网络,32,2.0,"范建存,毕海霞"
MP-08,程序设计思想方法与实践,64,3.0,杨义军
MP-14,人工智能导论,32,2.0,张玲玲
MP-26,网络安全实战,48,2.5,陶敬
MP-35,现代密码学,32,2.0,赵俊舟
MP-47,面向对象程序设计,32,2.0,薄钧戈
MP-56,数据结构与算法,48,3.0,黄鑫
MP-59,计算机图形学,32,2.0,赵玺
MP-62,计算机系统导论,64,4.0,"单丹枫,李昊"
MP-28,操作系统原理I,48,3.0,"赵鲲,齐赛宇,丁菡"
MP-58,认知计算与机器学习,40,2.0,鲍军鹏
MP-73,数据库系统,64,3.5,任雪斌
MP-76,计算机体系结构,56,3.0,陈衡
MP-94,数据库系统,48,2.5,"何亮,孙鹤立"
MP-00,算法分析与设计,48,2.5,赖欣
MP-03,计算机原理与嵌入式系统,48,3.0,杨晨
MP-15,物联网原理,56,3.5,"桂小林,安健,丁菡"
MP-18,物联网信息安全,40,2.0,"桂小林,戴慧珺"
MP-01,密码分析学,32,2.0,李吉亮
MP-07,人工智能安全与对抗,32,2.0,"沈超,蔺琛皓"
MP-13,木马核心技术分析,32,2.0,孙钦东
MP-25,在线社交网络智能分析与对抗,32,2.0,刘晓明
MP-45,汇编语言,48,2.5,陈衡
MP-66,游戏设计与开发（AR/VR）,32,2.0,唐亚哲
MP-75,软件工程,32,2.0,王鸽
MP-90,计算机视觉与模式识别,48,2.5,"苏远歧,王乐"
RE-01,表达与交流,48,3.0,"陈希,闫理贺,胡建晨,管晓宏"
RE-07,基于“互联网+”背景的创业基础,48,2.0,黄健
LC-33,微电子科学与工程导论,16,1.0,"程军,耿莉,张鸿,张国和"
LC-19,半导体物理与器件专题实验2,24,0.5,雷冰洁
LC-96,电子技术实验-2,16,0.5,郑卫斌
LC-21,半导体物理与器件,64,4.0,赵小龙
LC-77,数字逻辑电路,56,3.5,王今雨
LC-05,电化学基础,56,3.0,"易文辉,王景平,徐友龙,代锦飞"
LC-32,半导体器件,64,3.5,彭文博
LC-89,半导体物理,56,3.5,"徐友龙,赵金燕,牛刚,杨亚威"
LC-04,固体电子学实验1,32,1.0,"王景平,姚向华,马明"
LC-10,物理电子学实验1,32,1.0,陈兵
LC-13,微电子学实验,32,1.0,"王景平,姚向华,刘增辉"
LC-16,光电子学实验1,32,1.0,田亚玲
LC-07,微电子制造技术,32,2.0,刘明
LC-22,模拟集成电路专题实验,48,1.5,齐欢欢
LC-40,电介质物理,64,3.5,"徐卓,魏晓勇,夏颂,李飞"
LC-52,模拟电子系统专题实验,32,1.0,齐欢欢
LC-58,数字系统设计基础,32,2.0,梁峰
LC-61,数字系统设计专题实验,32,1.0,雷冰洁
LC-67,模拟集成电路设计II,40,2.5,许江涛
LC-18,现代微分析导论,32,2.0,"王领航,汪敏强"
LC-42,信息显示技术（双语）,40,2.5,"胡文波,李洁"
LC-72,光电子材料与器件（双语）,32,2.0,"云峰,丁文,田振寰"
LC-75,现代光学,40,2.5,"陈烽,杜广庆"
LC-78,激光原理与技术,40,2.5,樊叔维
LC-48,微机电系统,32,2.0,韩传余
LC-24,等离子体电子学导论,32,2.0,"李永东,王耀功"
EC-15,现代电子技术基础,56,3.0,"徐然,王若铮"
ED-35,艺术与科学的交汇,16,1.0,"管晓宏,杜友田"
ED-38,互联网技术与应用,32,2.0,杨琦
ED-56,经典阅读：理想国,16,1.0,李璟睿
ED-71,电与生命,32,2.0,"丁文,王洪广,刘纯亮"
ED-96,卫星导航系统漫谈,32,2.0,冯彦翔
FT-84,信号与系统Ⅰ,64,4.0,张渭乐
FT-09,信号与系统III,48,3.0,郑通兴
FT-02,通信原理与应用,96,5.5,"范建存,张莹,张翠翠"
FT-05,信息物理融合能源系统,32,2.0,"管晓宏,刘烃,刘坤,胡建晨"
FT-08,平面阵列 X 线源成像方法设计,48,2.0,牟轩沁
FT-86,电磁场理论I,56,3.5,张贻齐
FT-11,信号与系统V,52,3.0,"黄健,廖学文,李昂"
FT-92,通信原理II,48,3.0,李锋
FT-01,电磁场理论II,48,3.0,"曹猛,林舒"
FT-07,数字信号处理,44,2.5,雷磊
FT-22,信号与系统实验,16,0.5,"张建国,王霞,黄健,张渭乐,洪玺"
FT-34,无线通信系统虚拟仿真实验,16,0.5,"张国梅,张世娇"
FT-37,通信原理实验,16,0.5,张翠翠
FT-49,电子技术实验-2,16,0.5,张翠翠
FT-00,信息论基础The Elements of Information Theory,40,2.5,王慧明
FT-03,移动通信,40,2.5,罗新民
FT-78,短距离无线通信专题实验,32,1.0,陈伟
FT-87,工程与社会,8,0.5,宋云鹏
FT-93,数字通信与无线系统,40,2.5,"张国梅,杜清河,高贞贞"
FT-14,数据通信与计算机网络,40,2.5,洪伟
FT-17,通信网与程控交换技术,40,2.5,张亦希
FT-20,微机原理及应用,48,2.5,"张国梅,张育"
FT-23,天线原理,32,2.0,"陈晓明,陈娟"
FT-26,纠错编码理论,32,2.0,李锋
FT-29,数字图象处理,32,2.0,梁毅军
FT-32,信号与系统IV,40,2.5,顿玉洁
FT-35,数字信号处理,40,2.5,张懿洁
DE-05,太阳能电池设计制作,32,1.0,易文辉
DE-11,压电器件设计制作,32,1.0,"夏颂,高翔宇"
SJ-90,专业实习,0,3.0,王志
SJ-76,初级项目2：基于FPGA开发板的数字系统设计,52,2.0,程军
SJ-88,储能电池设计制作及集成化-2,104,3.5,"徐友龙,姚向华"
SJ-36,科研训练,32,1.0,唐亚哲
TH-22,概率统计与随机过程,64,4.0,"王平辉,阮亮中"
TH-25,离散数学基础,40,2.5,柯炜
TH-30,信息科学的矩阵分析基础,32,2.0,贺丽君
YS-89,热力学与统计物理,32,2.0,阙文修
TR-80,论文写作与发表,16,1.0,罗敏楠
TR-86,计算机科研习课,128,4.0,单丹枫
TR-00,科研训练,32,1.0,李秦龙
FT-83,面向对象程序设计方法,32,2.0,原盛
FT-10,编译原理,40,2.5,"吴晓军,徐亦飞"
FT-25,数据库系统（英）,40,2.5,白秀秀
FT-28,软件工程经济学,32,2.0,王晨旭
FT-04,图像处理与机器视觉,40,2.5,"祝继华,田智强,李钟毓"
FT-06,机器学习导论,32,2.0,庞善民
FT-12,编译系统设计综合训练,16,0.5,"吴晓军,徐亦飞"
FT-18,大数据技术,32,2.0,赵加坤
FT-21,计算机网络专题实验,32,1.0,张玉龙
FT-36,自然语言处理技术,32,2.0,姜沛林
FT-51,面向对象程序设计综合训练,16,0.5,"原盛,徐亦飞"
FT-69,图像处理与机器视觉综合训练,16,0.5,田智强
FT-72,Python程序设计综合训练,16,0.5,"张玉龙,郭宇"
TO-16,计算机科学与人工智能的数学基础I,64,4.0,汪建基
TO-81,现代物理与人工智能II,40,3.5,"杨勐,汪建基,蒋才桂"
TO-27,现代控制工程,56,3.0,刘妹琴
TO-11,机器人导航技术实验,32,1.0,"姚慧敏,袁泽剑"
TO-26,机器人学基础,56,3.0,徐林海
TO-29,多智能体与人机混合智能,40,2.0,张雪涛
TO-62,人工智能工具、平台与系统,40,2.0,张旭翀
TO-10,人工智能的科学理解,16,1.0,周三平
MP-22,计算机体系结构,48,3.0,夏天
MP-38,自然计算,32,2.0,郭宇
MP-92,3D计算机图形学,38,2.0,"刘跃虎,张驰"
TH-88,概率统计与随机过程（智）,64,4.0,"左炜亮,周三平"
RA-37,电工实习Ⅰ,32,1.0,"杨荣,赵军亚,毕文婷,孙有为,夏禹,李莉"
RA-34,综合工程训练1,40,1.0,"栗茂林,张铭,赵军亚,张育林,王娜,李党超,加有维,崔琦,黄宝娟,杨荣,邵敏,李铭,沈瑶,王明伟,张泽,毕文婷"
RA-40,综合工程训练2,40,1.0,"栗茂林,张铭,赵军亚,王娜,张育林,李党超,加有维,崔琦,黄宝娟,杨荣,邵敏,李铭,沈瑶,王明伟,张泽,毕文婷"
RA-43,综合工程训练Ⅳ,32,1.0,"栗茂林,加有维,崔琦,杨荣,毕文婷,张育林,王明伟,张泽,李铭"
RA-41,测控实习,32,1.0,"张育林,李铭"
RA-44,金工实习Ⅲ-2,64,1.0,"栗茂林,吴毅,崔琦,邵敏,沈瑶,张珂,祁小朋,孙毓忠"
RA-50,金工实习Ⅰ,64,2.0,"栗茂林,李党超,加有维,张铭,邓天鑫,周耀成,郁志浩,曲滨,赵宁,徐峰,宋爱梅"
ED-65,被误解的化学键：《化学键的本质》导读,16,1.0,吴超
LI-62,国防教育,32,2.0,"李科,初阔林,张昊"
LU-80,管理会计导论,150,5.0,曾卫红
