课程号,课程名,课序号,学时,学分,老师
GNED100290,生命的存在与死亡教育,1,32,2.0,"洪苏涵,董研林"
GNED110400,大学生心理健康与自我调适,3,32,2.0,"闫琼,李美婷"
SOCP100190,课外实践8学分,1,0,8.0,"任君,刘晗梦,杨瑞,高天"
GNED106292,大学生创业训练与实践,1,32,2.0,"郑旭红,朱宏伟"
GNED106392,大学生职业发展与规划,1,32,2.0,姬姣姣
GNED106492,国际化视野及能力培养提升,1,32,2.0,"衣建甲,贺长中"
GNED115200,在线开放课程助教,6,0,0.0,肖胜军
BSIS400121,毕业设计（论文）,1,128,8.0,赵炜
INTE400121,国际贸易实务,1,64,4.0,杨杨
JZSJ900121,中国传统文化实践-2,1,16,1.0,尚磊明
LITE101021,中国概况,1,32,2.0,赵炜
LITE101121,当代影视鉴赏,1,32,2.0,张知倞
LITE101321,简明中国历史,1,32,2.0,李睿
LITE200321,汉语综合课2,1,96,6.0,杨杨
LITE200521,汉语听说2,1,64,4.0,李馨郁
LITE302321,口腔医学汉语2,1,64,4.0,马萍
LITE302721,汉语听力-2,1,64,4.0,冯潇
LITE303221,综合医学汉语2,1,64,4.0,周瑜洁
LITE303521,汉语口语-2,1,96,6.0,孔娟
LITE303721,综合医学汉语4,1,64,4.0,周程程
LITE304421,初级汉语听力2,1,64,4.0,邵一圃
LITE304621,中级汉语听说2,1,64,4.0,冯潇
LITE305021,中级汉语写作2,1,32,2.0,杨莉莉
LITE305421,初级汉语口语2,1,96,6.0,杨莉莉
LITE305621,综合医学汉语6,1,64,4.0,马萍
LITE305821,中级汉语阅读2,1,64,4.0,邵一圃
LITE306121,HSK四级综合课,1,160,10.0,谈芳
LITE306221,口腔医学汉语4,1,64,4.0,张爱珍
LITE306321,口腔医学汉语6,1,64,4.0,张爱珍
LITE306821,综合医学汉语8,1,64,4.0,韩娇娇
LITE306921,口腔医学汉语8,1,64,4.0,周程程
LITE307021,汉语综合-2,1,64,4.0,张知倞
LITE307421,基础医学汉语-2,1,96,6.0,戴艳茹
LITE401121,初级汉语精读2,1,160,10.0,孙玉茜
LITE401421,中级汉语精读2,1,128,8.0,路荣
LITE401821,现代汉语2,1,32,2.0,冯潇
LITE402321,商务对话-2,1,64,4.0,马春燕
LITE402421,商务汉语写作-2,1,32,2.0,李馨郁
LITE402621,商务汉语综合-2,1,96,6.0,赵炜
LITE501121,中国经济与对外贸易概况,1,32,2.0,杨杨
LITE501321,汉字概论,1,32,2.0,李馨郁
LITE502121,商务新闻阅读,1,32,2.0,孙玉茜
LITE502221,中国古代文学,1,32,2.0,马春燕
MATH400121,文科高等数学,1,64,4.0,贾应智
AUTO544905,工业社会学,1,24,1.5,高建民
CORE100101,制造与社会发展,1,32,2.0,李兵
CORE100601,工业文明与数字社会,1,32,2.0,"高建民,孙孝飞,马富银,温广瑞,王永泉"
CORE100701,工程实践与伦理,2,32,2.0,"周延云,王小鹏,张启路,马富银,胡桥,周科,苏文斌"
CORE102600,创新思维和机器人创客实践,1,48,3.0,"张英杰,张政,徐海波"
FEES400101,食品化学,1,56,3.0,彭锦峰
FEES400301,微生物学,1,32,2.0,"薛晚利,代秉玲"
FEES400501,微生物学实验,1,32,1.0,张璐薇
GNED100401,项目管理,1,32,2.0,耿海鹏
GNED100701,数字化设计与制造软件应用基础,1,40,2.0,许睦旬
GNED100801,走进机器人：项目驱动的创新与实践,1,52,2.0,徐俊
GNED101001,艺术设计思维与实践,1,32,2.0,"杨增耀,李萌"
GNED101101,人工智能导论,1,40,2.0,"张小栋,秦立果,王晶"
GRDE900101,毕业设计（未来智能制造方向高级项目）,1,256,8.0,"梅雪松,杨树明,赵志斌,彭军,陈帅,孙若斌"
INDE300601,机械设计基础Ⅲ,1,48,2.5,徐亮
INDE400401,美学与设计,1,32,2.0,蔺肖曼
INDE400601,设计调查,1,32,2.0,"杨增耀,张煜"
INDE401401,设计造型Ⅱ,1,48,2.0,蔺肖曼
INDE401601,人因素和人机学,1,48,2.5,"李宏伟,李萌,张煜"
INDE402201,社会创新设计,1,40,2.0,张煜
INDE500801,人机界面设计,1,40,2.0,杨增耀
INDE500901,工业大数据处理与程序设计,1,40,2.0,仇国巍
INDE501001,Web编程技术,1,40,2.0,"谢涛,李宏伟"
INDE900201,工业设计实践Ⅱ-5,1,32,1.0,杨增耀
INDE900401,工业设计实践Ⅱ-1,1,32,1.0,李萌
INDE900801,工业设计实践Ⅰ-5,1,32,1.0,张煜
INDE901001,工业设计实践Ⅰ-2,1,32,1.0,蔺肖曼
INSM401201,无线传感网络技术,1,24,1.5,韦学勇
INSM401501,测试技术,1,48,2.0,"徐光华,李敏"
INSM401801,数字图像处理,1,40,2.0,赵自新
INSM501901,智能仪器与虚拟仪器设计,1,52,3.0,"侯成刚,刘弹"
INSM502001,设备监测与诊断技术及应用,1,36,1.5,"徐光华,梁霖"
INSM502101,机床精密测量与动态测试,1,40,2.0,"李兵,魏翔"
INSM900101,仪器设计综合性实验-1,1,80,2.5,"侯成刚,刘弹"
ITDE500701,CDIO项目实践,1,56,2.0,王永泉
JZSJ900101,光电检测专题实验,1,32,1.0,李珂嘉
JZSJ900301,综合性实践训练,1,64,2.0,赵宏
MACH000101,机械工程导论,1,16,1.0,刘志刚
MACH000201,智能制造工程导论,1,16,1.0,"江平宇,张小栋,陈雪峰,周光辉,曹军义,陈贵敏,刘啸川,黄科"
MACH390801,机械制图,1,48,3.0,曾亮
MACH390901,工程制图,1,32,2.0,姜维
MACH391201,工程图学,1,52,3.0,许睦旬
MACH391401,机械设计基础Ⅰ,1,72,4.0,王恪典
MACH391501,机械设计基础Ⅱ,1,56,3.0,"陈丽,徐亮"
MACH392001,大数据技术,1,36,2.0,"严如强,马猛"
MACH392201,大数据技术,1,64,4.0,"张留洋,李乃鹏,刘啸川,马猛"
MACH392401,材料力学（英）,1,48,3.0,娄燕山
MACH392801,工业互联网与云计算基础,1,56,3.0,"曹军义,张政"
MACH400301,机械设计基础课程设计,1,32,1.0,陈丽
MACH400501,机械制造技术基础,1,56,3.0,王春慧
MACH400801,机械控制工程基础,1,56,3.0,"李小虎,范淑琴"
MACH402801,材料成形技术基础,1,32,2.0,"张航,蔡洪能,臧顺来"
MACH402901,机械工程测试技术,1,48,2.5,张周锁
MACH403001,机械工程测试技术（英）,1,48,2.5,杨树明
MACH403201,材料成形技术基础（英）,1,32,2.0,"王富,黄科"
MACH403301,数控技术,1,56,3.0,"刘红忠,牛东"
MACH403601,微纳制造工艺与装备,1,48,2.5,"邵金友,陈小明,王春慧,田洪淼,李祥明,陈小亮"
MACH403701,机器人技术及应用,1,40,2.0,董霞
MACH404001,智能制造技术基础,1,64,3.5,"康城玮,位文明"
MACH404401,人工智能基础,1,64,4.0,"秦立果,张小栋"
MACH404501,机械设计及其智能化,1,48,3.0,"王永泉,桂亮,李宝童,郭婷,权双璐,赵志斌"
MACH405001,智能传感器与检测技术（英）,1,48,3.0,"严如强,赵志斌"
MACH405101,深度学习与智能运维,1,48,3.0,"赵志斌,马猛,丁宝庆,吴淑明"
MACH405201,智能制造执行系统技术,1,48,3.0,"张超,周光辉"
MACH405501,智能制造执行系统技术,1,72,3.0,江平宇
MACH405601,智能运维与健康管理,1,64,3.0,"訾艳阳,王宇,陈景龙"
MACH405801,智能制造工艺与装备,1,56,3.0,赵万华
MACH405901,智能成形技术,1,56,3.0,"张琦,杨强"
MACH500701,装备与制造系统,1,40,2.0,徐海波
MACH501201,现代机器人技术,1,40,2.0,董霞
MACH501301,企业与生产运作管理,1,36,2.0,马登龙
MACH501701,机械故障诊断技术,1,40,2.0,"訾艳阳,王琇峰,陈景龙"
MACH501901,机械动力学,1,32,2.0,王小鹏
MACH502001,摩擦学,1,40,2.0,"董光能,秦立果"
MACH502501,制造执行系统技术,1,40,2.0,杨茂林
MACH502801,增材制造技术（英）,1,40,2.0,田小永
MACH503001,现代设计理论与方法,1,32,2.0,朱永生
MACH503101,柔性电子制造与应用（英）,1,32,2.0,陈小明
MACH503701,创新思维和机器人创客实践,1,32,2.0,朱爱斌
MACH504001,信息处理技术,1,32,2.0,"徐光华,李敏,闫文强"
MACH504101,数字信号处理,1,32,2.0,"郑杨,闫文强"
MACH504201,智能机器及其实施技术,1,32,2.0,"赵升吨,王永飞,范淑琴"
MACH504501,增材制造技术（未来）,1,32,2.0,王奔
MACH900201,新形态机器人设计与驱控,1,64,2.0,"郭艳婕,彭军,李博,朱子才"
MACH900401,智能制造系统的人工智能应用及实践,1,64,2.0,"孙闯,陈雪峰,王保建,秦立果,尹昱东,李卓林"
MACH900601,智能制造系统开发、调试与运维,1,64,2.0,"周光辉,张超,赵丹"
MATL300201,工程材料基础,1,32,2.0,孙巧艳
VENG430101,汽车电子与控制,1,40,2.0,张政
VENG430301,车辆制造实验,1,48,1.5,"金涛,张大伟,臧顺来,郭文静,尹昱东,方学伟"
VENG430501,车辆制造装备与系统,1,24,1.5,张大伟
VENG430601,车辆工程导论,1,16,1.0,"张琦,赵升吨,徐俊"
VENG430901,电动汽车与混合动力技术,1,40,2.0,曹军义
VENG431001,汽车结构有限元与数值计算,1,24,1.0,臧顺来
VENG510201,车辆设计,1,40,2.0,"林起崟,韩宾"
VENG510301,现代轨道车辆,1,40,2.0,李靖祥
VENG530401,车辆电机与驱动,1,40,2.0,"李靖祥,范淑琴"
VENG530501,智能汽车技术,1,32,2.0,"陈景龙,刘意"
VENG900201,车辆工程CDIO,1,56,2.0,徐俊
CORE100102,3D打印.材料之光,1,32,2.0,"孙琨,鲍崇高"
GNED100202,动漫世界的材料化学探秘,1,32,2.0,宁晓辉
GNED100302,多学科交叉创新与自主创业实践,1,32,2.0,"田高良,张生,宋忠孝"
GNED100802,艺术铸造及创作实践,1,32,2.0,"刘志伟,赵兴杨,崔琦,郑巧玲"
MATL200102,工程材料基础,1,56,3.0,王继平
MATL400602,材料性能,1,48,3.0,"单智伟,解德刚,周玉美"
MATL400702,Characterization techniques in materials science research,1,32,2.0,陈凯
MATL400902,材料工程基础,1,64,4.0,"王玉,杨贺杰,张林杰"
MATL401202,金相制备与分析实验,1,32,1.0,"王红洁,孙巧艳,孙俊杰,王耿洁"
MATL401302,材料性能与测试技术实验,1,32,1.0,"牛靖,陈凯"
MATL401402,高分子化学与物理实验,1,32,1.0,张启路
MATL401902,材料科学基础-1,1,32,2.0,殷咸青
MATL402402,材料工程基础,1,40,2.5,"刘志伟,李梅娥"
MATL402602,材料研究方法,1,32,2.0,胡磊
MATL402802,功能材料学,1,32,2.0,"潘毅,郭靖"
MATL403102,材料科学基础,1,40,2.5,"张兰,王章洁"
CORE100103,能源与人类文明发展,1,32,2.0,"杨冬,徐东海"
CORE100203,再创式学习方法与技术创新训练,1,32,2.0,"薛绒,杨旭,吴伟烽"
CORE100303,科学技术与工程伦理,1,32,2.0,"李早阳,孙中国"
CORE100503,核与世界,1,32,2.0,"王永平,曹良志,王立剑,刘宙宇"
CORE100703,全球科技史纲,1,32,2.0,"白涛,赵日晶"
CORE100803,Energy and Environment,1,32,2.0,褚雯霄
CORE101600,人与环境,1,32,2.0,"徐浩,李珊珊,王嘉楠,冯江涛,延卫"
ENPO200203,热工基础Ⅰ,1,44,2.5,"何茂刚,辛楠"
ENPO200303,大学计算机 -工程算法编程,1,56,3.0,"陈斌,周致富"
ENPO340803,工程热力学（英）,1,64,3.5,"辛楠,杜燊,杨富鑫"
ENPO341003,自动控制原理Ⅰ,1,52,2.5,"赵攀,王桂芳"
ENPO341103,流体力学Ⅰ,1,64,3.5,龚建英
ENPO341203,工程热力学Ⅰ,1,64,3.5,"何雅玲,何茂刚"
ENPO341303,热能与动力测试技术,1,52,2.5,"邓清华,王珍珍,徐彤彤,王桂芳,刘齐寿"
ENPO341403,流体力学（英）,1,64,3.5,孙金菊
ENPO341503,热流体课程实验-1,1,32,1.0,"唐上朝,张可,王小丹,孟婧,程上方,邢张梦,梁雪琪"
ENPO341903,现代电力生产技术,1,56,3.0,"刘继平,赵全斌,邱斌斌,韩小渠,王桂芳,赵永亮,徐彤彤"
ENPO342003,储能原理与应用,1,48,3.0,"刘朝晖,杨冬,李明涛"
ENPO342103,先进制冷低温技术,1,56,3.0,"赖天伟,刘秀芳,张兴群,刘晔,侯予,陈良"
ENPO413103,流体热物性测试技术,1,56,3.0,"吴江涛,毕胜山,孟现阳,张可"
ENPO413203,换热器设计,1,48,3.0,"曾敏,程志龙"
ENPO413303,透平机械流体动力学,1,48,3.0,何坤
ENPO420603,制冷与低温技术原理,1,52,3.0,"鱼剑琳,白涛,李翠,张兴群,刘晔,厉彦忠,陈旗"
ENPO420703,流体机械原理,1,56,3.0,"王志恒,张楚华,林梅"
ENPO420803,热力发电厂,1,58,3.0,"种道彤,刘明,王朝阳,王桂芳,徐彤彤"
ENPO420903,压缩机原理与结构,1,52,3.0,"曹锋,杨旭,王雷雷,张薇,王澈"
ENPO421003,发动机原理与构造,1,60,3.0,"胡二江,黄勇成,汤成龙"
ENPO421103,锅炉原理,1,56,3.0,"车得福,邓磊,张润霞"
ENPO421203,汽轮机原理,1,56,3.0,"邓清华,刘钊,颜晓江"
ENPO421303,汽车理论及构造,1,48,3.0,"汪映,王锡斌,黄勇成"
ENPO421403,新能源汽车动力与控制,1,52,3.0,"姜雪,杨博,刘兵"
ENPO421503,储能热流基础实验,1,16,0.5,"孟婧,邢张梦"
ENPO421603,储能热流基础,1,64,4.0,"何雅玲,席奂,李冬"
ENPO421703,传热传质学,1,56,3.0,"方文振,陈黎"
ENPO421803,热质储能技术及应用实验,1,16,0.5,"孟婧,邢张梦"
ENPO421903,热质储能技术及应用,1,40,2.5,"陶于兵,程泽东"
ENPO422803,传热传质学（未来）,1,48,2.5,"方文振,陈磊,何璞"
ENPO422903,热质储能技术及应用（未来）,1,40,2.5,"陶于兵,程泽东"
ENPO529303,能源科学技术前沿讲座,1,16,1.0,"严俊杰,苏光辉,席光,何雅玲,黄佐华,邢子文,厉彦忠,陶文铨"
EVNG400103,大气污染控制工程,1,64,4.0,"何炽,高宁博"
EVNG400303,水污染控制工程,1,64,4.0,"王云海,杨树成"
EVNG400503,固体废物处理与处置,1,48,3.0,"高宁博,全翠"
EVNG400703,环境影响评价,1,32,2.0,刘萍萍
EVNG401203,专业综合实验,1,64,2.0,张瑜
EVNG401303,污染控制实验,1,64,2.0,"张瑜,张润霞,张锦萍"
EVNG401403,环境规划与管理Ⅰ,1,32,2.0,孙健
EVNG401503,环境化学Ⅱ,1,32,2.0,"延卫,徐浩"
GNED105203,中华灯谜艺术及欣赏,1,32,2.0,"王美玲,陈雪江"
GNED106103,汽车构造,1,32,2.0,汪映
GNED106203,星际航行与低温技术,1,32,2.0,"马原,谢福寿,王磊"
GNED106403,制冷技术概论：从地面到空间,1,32,2.0,"薛绒,张泽,陈汝刚,刘秀芳"
GNED106503,能源绿色转化与碳减排,1,32,2.0,"王利民,杜勇博,刘虎"
GNED106603,新能源汽车与无人驾驶革命,2,32,2.0,蔡骁
GNED106703,学科交叉研究：流体遇上纳米材料,1,32,2.0,"赵昆鹏,李星,孙成珍"
GNED106903,走向富足：通过科技改变人类未来,1,16,1.0,"周致富,李东"
GNED107003,汽车文化与社会发展,1,32,2.0,李倩倩
GNED107103,《唐宋词鉴赏辞典》经典阅读,2,16,1.0,屠珊
GNED107703,项目管理理论与实践,1,32,2.0,郭怡
GNED107803,通向绝对零度之路——制冷与低温科技史话,1,32,2.0,陈蕴光
GNED107903,能源工程经济学,3,32,2.0,"刘朝晖,雷贤良"
GNED108003,摄影艺术与实践,1,32,2.0,"李一鸣,陈雪江"
GNED108103,书香致远——阅读的艺术,2,16,1.0,李璐
GNED108203,低碳能源转化技术与工程经济管理,2,32,2.0,"姚尔人,黄柱,席光"
GNED108303,碳中和：国家战略与职业规划,1,32,2.0,"王浥尘,沈振兴,孙健"
GNED108403,通过地理读历史,1,32,2.0,"关祥久,郭坤,蔡文芳,陈庆云"
MATH900103,工程数学建模,1,40,2.0,陈磊
NEEN300203,材料科学基础与新能源材料,1,40,2.5,"黄建兵,沈少华,师进文,关祥久"
NEEN400103,生物学基础与生物质能转化原理及技术,1,60,3.5,"吕友军,金辉,徐强,赵昆鹏"
NEEN400403,流体机械能转化原理与技术,1,38,2.0,"陈斌,周致富,骆政园,李东"
NEEN400503,新能源热利用与热发电原理及系统,1,46,2.5,"赵亮,李明涛,赵秋阳"
NUCL320103,量子力学,1,48,3.0,赵耀林
NUCL320403,核材料基础,1,32,2.0,"恽迪,匡杰,杨健乔"
NUCL320503,原子物理,1,32,2.0,赵耀林
NUCL321003,核辐射防护,1,40,2.0,"胡华四,胡光,邬良芃"
NUCL420403,原子核物理实验方法,1,48,3.0,"张清民,臧航"
NUCL420603,电离辐射剂量学,1,52,2.5,"王炫,刘书焕,邬良芃"
NUCL420703,核反应堆物理分析,1,40,2.5,"吴宏春,刘宙宇,万承辉"
NUCL420803,核反应堆控制,1,40,2.0,"孙培伟,邬良芃"
NUCL420903,核电子学,1,48,2.5,"李培,贺朝会,李永宏"
NUCL421003,核电厂系统与动力设备,1,40,2.5,"张魁,田文喜,张斌"
NUCL421103,核反应堆热工分析,1,48,2.5,"秋穗正,王明军,王成龙,邬良芃,郭凯伦"
NUCL421303,核信息获取与处理,1,32,1.5,"刘书焕,王鹏飞"
NUCL421503,材料热力学,1,32,2.0,柳文波
NUCL421803,无机化学,1,48,3.0,"林健,邱杰"
NUCL520203,核分析技术,1,32,2.0,臧航
CODE420104,电子系统设计与实践,1,80,2.5,雷万钧
CODE900104,基于PBL（Project-Based Learning）的科研训练,1,224,8.0,"宋政湘,胡飞虎,王建学,刘鹏,吕亮,寇鹏"
CORE100104,新能源导论,1,32,2.0,"吴坚,周峻,吴锴"
CORE100204,能源互联网,1,16,1.0,"王锡凡,别朝红,康小宁"
CORE100304,电磁通史与技术前沿,1,32,2.0,"马慧,项彬,刘志远"
CORE100404,电气科学与人类文明,1,32,2.0,"梁得亮,彭宗仁,王建华,李盛涛,荣命哲,张冠军,刘进军,杜正春,杨旭,曹晖,宋政湘,刘定新"
CORE102200,聚变能源与等离子体,1,32,2.0,"李兴文,邱爱慈,陈振茂,田文喜,吴坚"
EELC321604,电子技术实验1,1,16,0.5,"张锋,孙敏,张皎,高昕悦,刘涛"
EELC321804,模拟电子技术,1,64,4.0,"陈文洁,刘涛"
EELC322604,数字电子技术,1,48,3.0,韩春阳
EELC322704,模拟电子技术基础,1,48,3.0,王振兴
EELC322804,电子技术基础,1,80,4.0,"夏建生,原晓楠"
EELC323004,电子技术实验-1,1,16,0.5,"张锋,孙敏,张皎,刘涛,高昕悦"
EELC323504,电子技术基础,1,96,5.0,"赵进全,孙敏"
EELC323704,现代电子技术,1,56,3.0,"赵进全,孙敏"
EELC324104,信号与系统,1,36,2.0,"王发强,沈瑶"
EELC422204,数字电子技术与微处理器基础,1,72,4.5,王永生
EELC422904,人工智能与智能仪器,1,64,3.5,"曾翔君,汤晓君,骆一萍"
EELC423704,能源互联与系统分析,1,68,4.0,"谢海鹏,张海涛"
EELC423804,能源互联网信息通信技术,1,32,2.0,陈晨
EELC523204,能源互联网规划,1,32,2.0,"王建学,吴雄"
EELC523304,储能技术概论,1,32,2.0,"王红康,韩晓刚,张锦英"
EELC523504,直流电网技术,1,36,2.0,"汲胜昌,张凡,张海涛,惠思思"
EELC523704,低碳能源经济与市场,1,52,3.0,"肖云鹏,丁涛"
ELEC321104,电路,1,80,4.5,"刘文凤,程璐,沈瑶,王超,高昕悦"
ELEC321304,电磁场与波,1,72,4.0,"马西奎,沈瑶,王超,高昕悦"
ELEC326104,电工电子技术导论,1,48,3.0,孙晋茹
ELEC327604,电工电子技术-1,1,48,3.0,"孟永鹏,贺博"
ELEC327804,电工电子技术实验-1,1,16,0.5,"原晓楠,陈琪"
ELEC328204,模电与大数电实验-2,1,24,0.5,孙敏
ELEC328604,信号与系统II,1,60,3.5,"王发强,沈瑶"
ELEC329104,电工电子技术实验Ⅱ,1,16,0.5,原晓楠
ELEC329204,电工电子技术Ⅱ,1,32,2.0,王威望
ELEC329304,模电与大数电实验-2,1,32,1.0,"孙敏,张皎,刘宁艳,刘涛,孔忻,王鹏光,刘晓娟"
ELEC329504,电磁场,1,56,3.5,"邹建龙,沈瑶,王超,高昕悦"
ELEC422904,电力设备设计原理,1,32,2.0,"李盛涛,王诗航"
ELEC423004,电气材料基础,1,32,2.0,"钟力生,张锦英,吴明"
ELEC423704,电力系统稳态分析,1,68,4.0,"郝治国,杨松浩"
ELEC426304,电路,2,72,4.0,"王霞,沈瑶,王超,高昕悦"
ELEC427204,电气工程及其自动化专业导论,1,16,1.0,"梁得亮,李盛涛,荣命哲,刘进军,杜正春,杨旭,汲胜昌,宋政湘"
ELEC427304,大数据科学与应用技术,1,32,2.0,焦在滨
ELEC427404,人工智能技术导论,1,32,2.0,"曹晖,王超"
ELEC427704,高电压技术,1,56,3.0,"李江涛,赵军平,惠思思,杜佳"
ELEC427904,电储能系统与并网技术,1,40,2.0,"王丰,易皓,刘晓娟,王振雄"
ELEC428004,能源互联网,1,32,2.0,"谢海鹏,陈晨"
ELEC428404,电储能系统与并网技术（未来）,1,32,2.0,李宇飞
ELEC521604,电机的智能控制,1,48,2.5,丁文
ELEC521904,风力发电与太阳能发电技术,1,32,2.0,"雷万钧,王来利"
ELEC523204,新能源概论,1,48,2.5,"吴锴,周峻,吴坚,姚学玲"
ELEC523304,新能源与分布式发电,1,40,2.0,"吴锴,周峻,肖云鹏,何英杰"
ELEC523504,电力系统仿真理论与实践,1,40,2.0,"张润凡,李宇骏"
ELEC523704,电力系统新技术专题New Technology of Power Systems,1,16,1.0,"王秀丽,杜正春"
ELEC523904,电力系统自动化,1,32,2.0,李宇骏
ELEC524004,电力系统综合实验,1,64,2.0,宁联辉
ELEC524404,发电厂电气部分,1,36,2.0,闫晨光
ELEC524504,新能源电力系统规划与运行,1,40,2.0,"刘俊,张小亮"
ELEC525704,工程电介质物理学,1,48,3.0,"李建英,武康宁"
ELEC526204,电磁兼容技术,1,48,2.5,"陈玉,王双,白洁,孔忻"
ELEC527204,放电等离子体基础及应用,1,32,2.0,"李兴文,石桓通,吴坚"
ELEC527304,电气设备现代设计,1,40,2.0,"耿英三,吴益飞,王宣东,李昊旻"
ELEC527504,电器理论基础,1,48,2.5,"史宗谦,王宣东"
ELEC527604,电机设计,1,40,2.0,丁文
ELEC527704,高电压试验与测试,1,48,2.5,"张乔根,刘轩东,赵军平"
ELEC528304,控制电机,1,48,2.5,"娄建勇,孙萍"
ELEC528604,高电压绝缘技术基础,1,40,2.0,"张冠军,孙安邦,常正实,李文栋,惠思思"
ELEC528704,电力开关设备,1,32,2.0,"吴翊,闫静"
ELEC529204,工业计算机控制技术,1,56,3.0,"崔栋刚,甘永梅,迟晓红"
ELEC529304,电机测试技术,1,32,2.0,刘凌
ELEC529404,单片计算机原理及应用,1,36,2.0,"贾立新,迟晓红"
ELEC529504,智能电网储能应用技术,1,36,2.0,"王建学,孟永庆,张小亮"
ELEC900304,储能装置开发项目设计,1,32,1.0,孟锦豪
GNED106004,前沿科技与伦理反思,1,32,2.0,"徐正红,邓军波,王亚楠,石建稳,刘增,孙安邦"
GNED106104,等离子体与科技创新,2,32,2.0,"张冠军,孙安邦,常正实,李元"
GNED106404,新能源材料与装备,1,32,2.0,"张磊,毛佳乐,石建稳,张锦英,史乐,许鑫,陈欣,郑红,成永红"
GNED106504,科学测量与发现,2,32,2.0,"吴治诚,庞磊,赵军平"
GNED106604,科学仪器与人类文明,1,32,2.0,"康永锋,陈欣,王红康,许鑫,毛佳乐,陈玉"
GNED106704,手机摄影艺术与计算摄影,1,32,2.0,贾要勤
GNED106904,项目管理概论,1,32,2.0,"许鑫,陈欣,毛佳乐,陈玉"
GNED107004,电气工程与生命健康,1,32,2.0,"许德晖,刘定新"
INSM400504,测控电路,1,40,2.0,"丁晖,孔忻"
INSM401104,自动化仪表,1,48,2.5,"陈玉,毛佳乐,白洁,马璐"
INSM401304,MEMS传感器和执行器,1,32,2.0,"李运甲,王曙东"
INSM401404,光电检测技术,1,32,2.0,"丁晖,韩春阳"
JZSJ900304,智能电器的设计与开发,1,56,2.0,宋政湘
JZSJ901004,国际交流,1,0,0.0,"杨旭,祝令瑜"
JZSJ901504,储能装置监测系统设计,1,64,3.0,"宋政湘,孙丽琼"
JZSJ901704,科创能力与竞赛训练,1,32,1.0,"刘文凤,迟晓红,沈瑶,张璞,刘宁艳,白洁,孙晓华,高昕悦,吕泽鹏,原晓楠,李瑞程,孙丽琼,王超,孙敏,吕亮,杜锦华,陈欣,孟永鹏,贺博,刘定新,骆一萍,张皎"
NEEN400104,储能装置设计开发-2,1,104,3.5,宋政湘
AASP300206,空气与气体动力学,1,72,4.0,张科
AASP412606,航空发动机总体设计,1,32,2.0,薛瑞
AASP414006,航空推进原理,1,56,3.0,杨亚晶
AASP414206,航空飞行器总体设计,1,32,2.0,胡淑玲
AASP414306,航天飞行器总体设计,1,32,2.0,陈刚
AASP414406,飞行器制导与导航原理,1,40,2.0,梁勇奇
AASP414506,航空航天推进技术,1,32,2.0,左逢源
AASP414606,热工基础Ⅱ,1,32,2.0,阳倦成
AASP414706,工程热力学II,1,48,3.0,武俊梅
AASP501306,飞行器总体课程设计,1,32,1.0,张扬
AASP501406,航空发动机结构与强度,1,40,2.5,杨利花
AASP502806,航空发动机控制系统,1,32,2.0,杨朝旭
AASP502906,飞行控制系统设计,1,32,2.0,荣海军
AASP503006,飞行器气动课程设计,1,32,1.0,姬兴
AASP503206,项目设计,1,32,1.0,胡淑玲
AASP503306,人工智能技术概论,1,32,2.0,杨朝旭
AASP504006,航天器动力学与控制,1,32,2.0,"孙剑,郎安琪"
AASP504106,航空发动机结构动力学,1,32,2.0,徐自力
CORE100106,力学与工程,2,32,2.0,"吴莹,王正锦,王飞,刘振,罗亚军,李勇,郁汶山,申胜平"
JZSJ900606,力学分析软件概论,1,24,1.0,"裴翠祥,贾坤"
JZSJ900706,工程结构（实物）项目设计-1,1,16,0.5,李勇
JZSJ900806,结构模块课程设计-1,1,16,0.5,秦庆华
MECH300906,机械工程基础,1,32,2.0,张建勋
MECH311306,力学与空天工程概论,1,16,1.0,"申胜平,徐光魁,雷蒋,左逢源,谢勇,许丁,刘马宝,翟崇朴"
MECH311406,工程力学II,1,48,3.0,"解社娟,丁春华"
MECH311706,理论力学,1,56,3.5,谭宁
MECH311806,材料力学,1,56,3.5,殷民
MECH311906,基础力学实验-1,1,16,0.5,刘书静
MECH312006,基础力学实验-2,1,16,0.5,武彤晖
MECH312306,工程材料力学,1,48,3.0,刘睫
MECH401206,振动力学,1,48,3.0,"徐自力,谢石林"
MECH402706,计算固体力学,1,40,2.0,李录贤
MECH402806,流体力学Ⅱ,1,56,3.0,许丁
MECH402906,实验力学-1,1,32,2.0,"张舒文,王正锦"
MECH403006,实验力学-2,1,64,2.0,"裴翠祥,刘冉,田征"
MECH403106,计算流体力学,1,36,2.0,陈春刚
MECH403406,固体力学,1,96,6.0,"刘咏泉,徐光魁"
MECH511806,非线性动力学导论,1,32,2.0,谢勇
MECH511906,塑性力学,1,32,2.0,郁汶山
MECH513906,先进材料与结构,1,32,2.0,侯俊玲
MECH514106,高等动力学,1,32,2.0,江俊
MECH514406,复合材料力学,1,16,1.0,宋亚勤
MECH514806,疲劳与断裂,1,32,2.0,"卢同庆,王铁军"
MECH514906,界面流体力学（英）,1,20,1.0,张旭瑞
MECH515506,水动力学,1,32,2.0,赵松川
MECH515606,旋涡运动基础,1,32,2.0,菅振
MECH516006,船舶与平台结构基础,1,16,1.0,秦庆华
MECH900806,专业认知II,1,16,0.5,宋建伟
MECH901306,力学史,1,16,1.0,"谢勇,申胜平,许丁,徐光魁"
SCTR400206,科研训练-2,1,80,0.5,郁汶山
ACAU300108,金融学,1,48,2.5,乔政
ACAU420108,中级财务会计 I,1,32,2.0,张俊瑞
ACAU420208,中级财务会计 II,1,64,4.0,王欣
ACAU420608,税法,1,32,2.0,曹建安
ACAU421108,MA管理会计（ACCA）,1,48,3.0,欧佩玉
ACAU421208,FA财务会计（ACCA）,1,48,3.0,骆蕾
ACAU421308,BT商业与技术（ACCA）,1,48,3.0,赵红
ACAU421708,AA 审计与认证业务（ACCA）,1,48,3.0,李星
ACAU511308,P4 高级财务管理,1,48,3.0,骆蕾
ACAU511408,P5 高级业绩管理,1,48,3.0,董南雁
ACAU520208,会计信息化,1,16,1.0,董南雁
GNED100508,《黄帝内经》中的管理哲学,1,16,1.0,魏泽龙
GNED100608,工程经济学,1,32,2.0,"孙卫,刘新梅"
GNED100708,中华德学原理源流与经典学习导引,1,16,1.0,程少川
GNED101208,数字经济分析与实践,1,32,2.0,"符皓然,王伟,王凯"
JZSJ902008,创业实践,1,16,1.0,"赵文红,李福荔,姜飞飞"
LAWS400108,LW 公司法与商法（ACCA）,1,48,3.0,FONSEKA MEIMANAGE MOHANPRADEEP
MAGT172308,系统工程,1,32,2.0,李刚
MAGT310508,管理信息系统,1,32,2.0,刘笑笑
MAGT310708,系统工程I,1,48,3.0,吴锋
MAGT373008,统计学,1,32,2.0,常象宇
MAGT373208,宏观经济学,1,48,3.0,杨晶玉
MAGT420208,市场营销学,1,32,2.0,杨林岩
MAGT420508,公司理财,1,32,2.0,王鲁平
MAGT420808,企业战略管理,1,32,2.0,杨建君
MAGT421108,薪酬与绩效管理,1,32,2.0,周密
MAGT421208,创业管理,1,32,2.0,赵文红
MAGT472508,项目管理1,1,32,2.0,"何正文,肖忠东"
MAGT472708,设施规划与物流分析,1,32,2.0,贾涛
MAGT474008,人因工程,1,32,2.0,刘树林
MAGT476008,现代产品开发与设计,1,32,2.0,李刚
MAGT476608,现代物流与供应链管理,1,32,2.0,王能民
MAGT476708,管理沟通,1,32,2.0,"尚玉钒,刘人境,钟萌"
MAGT477008,生产计划与控制,1,32,2.0,刘雅
MAGT478108,管理学,1,48,3.0,王磊
MAGT479108,创新管理,1,32,2.0,魏泽龙
MAGT480508,智能决策与机器学习II,1,32,2.0,林绍波
MAGT480808,社交网络与文本分析,1,32,2.0,刘跃文
MAGT480908,大数据管理方法与应用,1,32,2.0,刘佳鹏
MAGT481208,大数据统计与计量分析II,1,32,2.0,刘笑笑
MAGT481308,最优化理论与算法I,1,32,2.0,叶海山
MAGT482508,机器学习-1,1,32,2.0,王开东
MAGT572408,商务大数据分析,1,32,2.0,胡婷
MAGT572708,工业品营销与营销渠道管理,1,32,2.0,"肖振鑫,刘静文"
MAGT573908,消费者行为学,1,32,2.0,"杨林岩,刘野逸,刘园园"
MAGT900108,大数据管理与应用实践,1,16,1.0,王迪
STAT310608,应用统计分析,1,32,2.0,林军
STAT310708,应用统计实践,1,32,1.0,"郑嘉俐,周晓阳"
ARTS107310,中外美术史,1,64,4.0,熊雯
ARTS109410,音乐,1,32,2.0,"曹耿献,文茹,刘俊峰"
ARTS312910,中国古代文字学通论,1,32,2.0,刘琰
ARTS314210,Design Thinking and Methods,1,32,2.0,冯伟
ARTS314410,Frontiers of Technology and Art,1,32,2.0,"赵一青,何静,徐钰彬"
ARTS314510,设计概论,1,48,3.0,"牛琛富茜,吴雪,欧阳振宇"
ARTS315110,设计构成,1,64,4.0,"牛琛富茜,石淑捷"
ARTS412010,景观植物学,1,32,2.0,杨眉
ARTS415010,篆书理论与实践III,1,48,3.0,尚磊明
ARTS417410,公共空间设计,1,64,4.0,吴雪
ARTS417510,标志与视觉识别系统设计,1,64,4.0,董琪
ARTS417910,插画艺术创作,1,64,4.0,石淑捷
ARTS418210,雕塑创作 II,1,64,4.0,苗祥瑞
ARTS418310,生态景观设计,1,48,3.0,杨眉
ARTS418810,专业设计-2,1,64,4.0,刘令贵
ARTS419110,设计技术-2,1,32,2.0,"何静,徐钰彬"
ARTS419310,专业设计-1,1,64,4.0,赵兴杨
ARTS419610,行书临摹与创作-1,1,32,2.0,尚磊明
ARTS420110,草书临摹与创作-2,1,48,3.0,王劲
ARTS420210,隶书临摹与创作-2,1,32,2.0,孙立滨
ARTS420610,行书临摹与创作-3,1,48,3.0,程健
ARTS420710,楷书临摹与创作-2,1,48,3.0,孙立滨
ARTS421010,篆书临摹与创作-1,1,32,2.0,尚磊明
ARTS512210,中国书法遗迹考察,1,32,2.0,"杨晓萍,尚磊明,李颖"
ARTS514310,浮雕创作,1,64,4.0,欧阳振宇
ARTS516010,古代碑帖选读,1,32,2.0,李颖
ARTS516910,篆刻学II,1,32,2.0,孙立滨
ARTS517210,东亚书法史,1,32,2.0,李颖
ARTS517410,书法美学,1,32,2.0,"杨晓萍,李娟"
ARTS520410,品牌策划与品牌设计,1,64,4.0,鲁鹏
ARTS522810,人物塑造,1,64,4.0,欧阳振宇
ARTS523010,数字化设计与建造,1,32,2.0,"陈强,刘令贵"
ARTS523110,多媒体广告设计,1,64,4.0,"牛琛富茜,石淑捷"
ARTS524710,传统雕塑临摹,1,64,4.0,张菊芳
CORE100314,中国哲学经典著作导读,2,32,2.0,"燕连福,龚建平,邓妙子,妥建清,雒自新,韩鹏杰,刘俊"
CORE100510,音乐鉴赏,1,32,2.0,"梁睿,文茹,金晨,刘俊峰,李娟,曹耿献,方小笛"
CORE100610,中国传统文化,1,32,2.0,"陆卫明,鲁鹏,王劲,宋希斌,邓妙子,韩鹏杰,李娟"
CORE100810,心理学基础,1,32,2.0,李占星
CORE100910,交响音乐赏析,1,32,2.0,"刘俊峰,文茹,方小笛,李娟,曹耿献"
CORE101110,创意写作,1,32,2.0,"魏琛琳,李明,吴艳,李昕,孙启洲,王瑶"
CORE101210,美术与世界,1,32,2.0,"鲁鹏,苗祥瑞,牛琛富茜,熊雯,张菊芳,杨健雄,周利明"
CORE101310,生活中的社会学,1,32,2.0,"彭瑾,杨建科,孙晓冬,童梅"
CORE101400,社会心理学,1,32,2.0,"王渭玲,王瑜萍,钱玉燕,马亚婷,童梅"
CORE111210,公益与慈善,1,56,2.0,"李娜,孙晓冬,彭瑾"
CORE111310,中国文化与文学精粹,1,32,2.0,"刘祥,李明,李楚,古栋,孙启洲,曾祥金,黎荔,刘彦彦"
CORE111410,性别、 科学与美,2,32,2.0,"周屈兰,王奕轩"
CORE111510,中国文化与中华民族共同体,1,32,2.0,"常新,曹耿献,熊雯,李晓光,魏琛琳,刘琰,张顺"
CORE111610,社会调查的艺术：方法与实践,2,32,2.0,"陈滔,缪晓雷,王梓懿,王旭清,卢春天"
CORE400110,诺贝尔文学奖获奖作品选读,2,32,2.0,"翟杨莉,魏琛琳,魏策策,张勇"
ECND402610,经济社会学,1,48,3.0,"赵文龙,郝明松"
GNED101810,旧制度与大革命,1,16,1.0,杨建科
GNED106610,声乐表演艺术,1,32,2.0,李娟
GNED106910,乐理与视唱,1,32,2.0,刘俊峰
GNED107110,影视鉴赏,1,32,2.0,"姚明今,王瑶,谭静,梁宏安,曾祥金"
GNED107310,钢琴演奏表演艺术中级,1,64,4.0,刘明
GNED107510,钢琴演奏表演艺术初级,2,64,4.0,"文茹,刘明"
GNED107910,欧洲浪漫音乐派欣赏,1,32,2.0,方小笛
GNED108010,书法鉴赏,1,32,2.0,程健
GNED108210,积极心理学：交大幸福课,1,32,2.0,"丁晓军,杨沈龙"
GNED108310,审美学,1,32,2.0,常新
GNED108410,＂中国风＂与中国古典音乐,1,32,2.0,"李娟,文茹,方小笛,曹耿献"
GNED108710,中华文化经典选粹,1,16,1.0,"刘彦彦,韩鹏杰"
GNED109110,汉语与社会生活,1,32,2.0,马梅玉
GNED109210,音乐律动与身体表达,1,32,2.0,"钱玉燕,梁睿"
GNED110810,世界陶瓷文化,1,32,2.0,"张菊芳,赵兴杨,欧阳振宇"
GNED111310,《信任社会——论发展之缘起》导读,1,16,1.0,赵文龙
GNED111710,爱情心理学,2,32,2.0,"刘俊峰,丁晓军,杨沈龙"
GNED111810,音乐剧实践体验,1,32,2.0,金晨
GNED111910,文学与中国古代日常生活,1,32,2.0,"刘祥,李明,许浩然,吴小侠,魏琛琳,罗军凤"
GNED112110,中国音乐史与音乐考古,1,32,2.0,"熊雯,杨晓萍,张菊芳,刘明"
GNED112210,地理信息与人类社会,1,32,2.0,贺力
GNED112410,费孝通社会研究经典导读,1,16,1.0,徐婧
GNED112510,计算社会科学导论,1,32,2.0,蔡萌
GNED112610,秦腔艺术与文化传承,1,32,2.0,"古栋,刘明,吴小侠"
GNED113410,现实的社会建构--知识社会学论纲,1,16,1.0,罗阳
GNED113610,音乐创编与审美,1,32,2.0,"刘明,刘俊峰"
GNED113810,古琴演奏实践,1,32,2.0,"程健,梁睿"
GNED114210,古琴演奏实践（中级）,1,32,2.0,梁睿
GNED114310,《战国策》人物与话术鉴赏,1,16,1.0,韩鹏杰
GNED114510,走进音乐人工智能,1,32,2.0,"李东鹤,曹耿献"
GNED114610,中国民族钢琴音乐赏析,1,32,2.0,"刘明,方小笛,文茹"
GNED114810,《社会分工论》经典导读,1,16,1.0,王梓懿
GNED114910,现代科学与政治的哲学基础,1,32,2.0,罗久
GNED115110,行走华夏：中华民族共同体理论与实践,1,32,2.0,"文茹,王劲,李娟,熊雯,丁晓军,陆淑敏,刘源,曹耿献,刘彦彦,王伟"
GNED115300,考古中国,1,32,2.0,张顺
GNED115400,灿烂的唐代文化,1,32,2.0,杨建科
JZSJ500110,社会调查实践,1,48,3.0,"郭小弦,李晓光,缪晓雷,陈滔"
JZSJ900210,创新实践,1,96,3.0,李晓光
LITE102710,语文2,1,64,4.0,"孙飞鹏,孙启洲"
LITE103210,大学语文2（民族预科）,1,64,4.0,"翟杨莉,谭静"
LITE200110,应用写作,1,32,2.0,李楚
LITE232310,古代汉语,1,32,2.0,尚磊明
LITE232410,学年论文1,1,16,1.0,古栋
LITE232510,学年论文2,1,16,1.0,曾祥金
LITE300610,中国语言文学专业导论,1,16,1.0,"王瑶,王学强,孙启洲,许浩然,张勇,魏琛琳,孙飞鹏,丁丁"
LITE431010,中国古代文学史II,1,48,3.0,许浩然
LITE431210,中国现代文学史,1,48,3.0,张勇
LITE431610,文艺美学,1,32,2.0,王学强
LITE431710,中国古代文论,1,48,3.0,翟杨莉
LITE432110,外国文学作品研读,1,32,2.0,魏策策
LITE432610,语言学概论,1,32,2.0,马梅玉
LITE434710,外国文学史,1,64,4.0,"魏策策,吴小侠"
LITE435310,比较文学导论,1,32,2.0,"魏琛琳,梁宏安"
LITE530710,中国当代文艺思潮,1,32,2.0,翟杨莉
LITE532310,学年论文,1,16,1.0,荆珊
LITE533110,《诗经》与礼乐文化,1,32,2.0,罗军凤
LITE533610,对外汉语教学,1,32,2.0,"冯潇,李馨郁,路荣,赵炜"
LITE533710,影视鉴赏与制作,1,32,2.0,姚明今
LITE533910,辞赋与汉唐文化,1,32,2.0,刘祥
LITE534310,社会语言学,1,32,2.0,马梅玉
LITE534710,唐诗与长安,1,32,2.0,李明
LITE535110,戏曲鉴赏,1,32,2.0,吴小侠
LITE535810,中国现代文学文献学,1,32,2.0,曾祥金
LITE536110,音韵学,1,32,2.0,"丁丁,李明,马梅玉"
PHLS301310,逻辑与批判性思维,1,32,2.0,"王伟,丁晓军"
PHLS401410,美学,1,48,3.0,妥建清
PHLS402910,伦理学,1,48,3.0,王珏
PHLS403210,马克思主义哲学原著选读,1,48,3.0,罗久
PHLS403310,西方哲学原著选读,1,48,3.0,张志伟
PHLS403410,中国哲学原著选读,1,48,3.0,"刘俊,邓妙子,谢徐林"
PHLS403510,宗教哲学,1,48,3.0,邓妙子
PHLS403910,西方哲学史 II,1,48,3.0,"王嘉新,张志伟,王健"
PHLS404010,马克思主义哲学史II,1,48,3.0,"王健,王赛"
PHLS404110,西方哲学史I,1,64,4.0,"曹聪,王嘉新"
PHLS404210,中国哲学史I,1,48,3.0,谢徐林
PHLS502910,宋明理学,1,32,2.0,刘俊
PHLS503510,科学技术史,1,32,2.0,王振嵩
PHLS504110,形而上学导论,1,32,2.0,张志伟
PHLS504210,复杂信息系统理论基础,1,32,2.0,邬天启
PHLS504410,智能科学的哲学基础,1,32,2.0,丁晓军
PHLS505210,德国哲学,1,32,2.0,程府
PHLS505310,中国现当代哲学前沿,1,32,2.0,龚建平
PHLS505410,西方哲学前沿,1,32,2.0,罗久
PHLS505610,价值哲学导论,1,32,2.0,王振嵩
PHLS506010,政治哲学导论,1,32,2.0,付侗
PSYL200110,心理发展与健康,1,32,2.0,"钱玉燕,李占星"
PSYL300144,医学心理学,1,32,2.0,倪晓莉
SOCL301310,社会研究方法,3,32,2.0,"郭小弦,李晓光,缪晓雷,帅满,陈滔"
SOCL402110,中国社会学史,1,32,2.0,姜利标
SOCL402310,社会分层与流动,1,48,3.0,张顺
SOCL402510,组织社会学,1,48,3.0,李晓光
SOCL402910,社会统计学,1,48,3.0,朱晓文
SOCL404110,社会组织管理,2,48,3.0,吴苏
SOCL404210,社会服务项目开发与评估,1,48,3.0,彭瑾
SOCL502310,老年社会学,1,32,2.0,陈滔
SOCL502410,科学社会学,2,32,2.0,"杨张博,罗阳"
SOCL503010,人类学,1,32,2.0,缪晓雷
SOCL503610,社会网络分析,1,48,3.0,"悦中山,杨张博"
SOCL503710,家庭与性别社会学 Sociology of Family and Gender,1,48,3.0,王奕轩
SOCL504210,社会政策学,1,32,2.0,郭小弦
SOCL504810,西方社会学理论前沿,1,32,2.0,"姜利标,吴苏"
CORE100600,新媒体与社会治理,2,32,2.0,"沈霄,张立,蒙胜军"
CUIC400120,媒介伦理与法治,1,48,3.0,申楠
CUIC400320,网络舆情监测与研判,1,48,3.0,陈强
CUIC400620,马克思主义新闻观,1,48,3.0,叶妮
CUIC401120,新媒体广告设计,4,48,3.0,刘婵君
CUIC401220,媒介运营与管理,2,48,3.0,张宏邦
CUIC401610,传播学研究方法,1,48,3.0,张立
CUIC500620,数字媒介概论,1,32,2.0,牛耀红
CUIC500920,国际传播,1,48,3.0,申楠
CUIC501420,批判传播学,1,32,2.0,赵一菲
CUIC503410,网页设计与制作,1,32,2.0,杨帆
GNED100120,理解我们生活的世界：批判视野下的媒介与社会,2,16,1.0,"张窈,赵一菲,徐婧"
GNED100220,网络媒介素养,2,32,2.0,"王威力,廖政贸,刘婵君"
GNED100420,危机传播学：从理论到实战,2,32,2.0,"李巨星,张窈,王威力,廖政贸,李明德"
LITE400120,外国新闻史,1,32,2.0,张窈
LITE500320,媒介理论研究与前沿,1,32,2.0,赵一菲
LITE500720,传播思想史,1,32,2.0,"张铁云,达雅楠"
GNED102950,健康管理与健身方法,1,32,2.0,裴永杰
GNED103150,中华武术文化传承与实践,2,32,2.0,潘秀刚
PHED102650,体育２（民族预科）,1,32,0.5,高丹娜
PHED109150,体育-2,1,32,0.5,任文君
PHED109350,体育-4,1,32,0.5,任文君
PHED200250,预科体育2,1,32,0.5,彭麟凯
PHED200950,运动训练-4,1,64,4.0,"贺京周,位桂香"
PHED201050,运动训练-2,1,64,4.0,"贺京周,位桂香"
PHED900150,长跑,1,16,0.0,王真
PHED900250,200米游泳,1,16,0.0,朱雪宇
PHED900350,24式太极拳,2,16,0.0,洪流
PHED900750,陆上赛艇,1,16,0.0,路海华
CORE100312,欧洲文明的现代历程,1,32,2.0,"张雨金,邱鹄,张莉,田鹏"
CORE100412,逻辑思维与交流,1,32,2.0,"吉乐,成旻,邵娟,龚颖,牛莉"
CORE100512,跨文化学术交流基础,1,32,2.0,牛莉
ENGL101912,出国访学准备（钱学森学院）,1,32,2.0,牛莉
ENGL110612,医学英语词汇（留）,1,48,3.0,范晓晖
ENGL110812,二外/英语-1,1,32,2.0,朱嘉春
ENGL110912,二外/英语-3,1,32,2.0,朱嘉春
ENGL200312,阅读与写作（少年班）2,1,32,2.0,成旻
ENGL200612,交流与表达（少年班）2,1,32,2.0,成旻
ENGL201012,大学英语2（民族预科）,1,64,4.0,曹浩煊
ENGL201512,欧洲文化渊源,1,32,2.0,邱鹄
ENGL201912,美国文化,1,32,2.0,司选海
ENGL202112,商务英语,1,32,2.0,陈丽
ENGL202312,英语辩论,1,32,2.0,张静洁
ENGL202412,英语电影视听说,5,32,2.0,马琼
ENGL203112,英语学术论文写作,1,32,2.0,邵娟
ENGL203312,中国文化翻译,1,32,2.0,靳蓉
ENGL203412,阅读与思辨,1,32,2.0,孙燕
ENGL203512,英语写作基础,1,32,2.0,杨亭
ENGL203612,雅思写作,6,32,2.0,杨扬
ENGL203712,沟通与文化交流,1,32,2.0,许明
ENGL203812,雅思口语,1,32,2.0,曹兴潭
ENGL203912,TED英语视听说I,1,32,2.0,李瑛
ENGL204012,TED 英语视听说II,1,32,2.0,郑青
ENGL204412,新一代大学英语,3,32,2.0,杜文博
ENGL204612,医学英语术语,1,32,2.0,张鹏
ENGL205212,国际人才英语,1,32,2.0,张静洁
ENGL206512,学术英语听说,1,32,2.0,王芙蓉
ENGL206912,学术英语读写,1,32,2.0,卢燕华
ENGL207212,理解当代中国：英语读写,1,32,2.0,高洋
ENGL410712,英语语法,1,32,2.0,"陈向京,张蕾"
ENGL430312,语言学概论,1,32,2.0,"张蕾,杨瑞英,张晓鹏"
ENGL441912,美国文学史及选读（日英方向）,1,32,2.0,邹敏
ENGL442312,综合英语（日英方向）I-2,1,64,4.0,"李莹,曹浩煊"
ENGL442612,英语视听说（日英方向）-2,1,32,2.0,张莉
ENGL442712,美国文学史及选读-2,1,32,2.0,"杜丽霞,邹敏"
ENGL443212,口译实务-2,1,24,1.5,"李雅丽,常虹"
ENGL443412,英语演讲,1,32,2.0,刘睿
ENGL444212,笔译-2,1,24,1.5,张敏
ENGL445612,英语写作-2,1,32,2.0,彭凤玲
ENGL445712,综合英语：文学,1,48,3.0,王非
ENGL445812,英语视听说-2,1,32,2.0,张莉
ENGL446112,综合英语：哲学,1,48,3.0,王非
ENGL446412,英语写作-4,1,32,2.0,范晓晖
ENGL446712,英国文学史及选读,1,48,3.0,曹兴潭
ENGL510412,诗歌赏析与翻译,1,16,1.0,曹浩煊
ENGL531612,英美戏剧,1,32,2.0,KALAYCI HASAN HUSEYIN
ENGL531712,文化批评：理论与实践,1,16,1.0,史鹏路
ENGL532112,二语习得,1,32,2.0,杨文纯
ENGL532512,应用语言学概论,1,16,1.0,"张蕾,张晓鹏"
ENGL532812,国际交流演讲与辩论,1,32,2.0,楚建伟
ENGL532912,托福强化,1,32,2.0,林玉萍
ENGL533012,英语学术写作与展示,1,32,2.0,吴萍
ENGL533512,国别与区域研究方法导论,2,32,2.0,冯广宜
ENGL533612,R语言数据处理,1,32,2.0,李阳萍
ENGL534412,英汉语言对比研究,1,32,2.0,李莹
ENGL534512,国际关系导论,1,32,2.0,赵葆珉
ENGL535112,理论语言学入门,1,32,2.0,"袁芳,魏行,杨文纯"
ENGL535512,英语视听说-4,1,48,3.0,"吴洁莹,KALAYCI HASAN HUSEYIN"
ENGL900312,英语听说实践-2,1,32,1.0,KALAYCI HASAN HUSEYIN
ENGL900412,创新创业项目,1,32,1.0,张蕾
ENGL900512,模拟联合国实践,1,32,1.0,李莹
ENGL900912,英语读写实践-2：理解当代中国,1,16,0.5,王非
ENGL901012,英文辩论实践,1,32,1.0,刘睿
ESPA100312,二外/西班牙语-2,1,64,4.0,田沛
FRAN110412,二外/法语-2,1,64,4.0,樊静薇
FRAN441412,法语视听说III-2,1,16,1.0,曾珠
FRAN442412,综合法语III-2,1,96,6.0,寇媛媛
FRAN444012,基础法语精读I-2,1,128,8.0,"孟丽娜,曾珠"
FRAN444312,法语写作-1,1,16,1.0,BAROT OLIVIER CYRIL
FRAN444612,基础法语精读II-2,1,128,8.0,"李文君,樊静薇"
FRAN445412,初级法语-2,1,96,6.0,郭琳
FRAN445612,基础法语视听说-2,1,32,2.0,曾珠
FRAN445712,中级法语视听说-2,1,32,2.0,孟丽娜
FRAN541112,法语报刊选读,1,16,1.0,BAROT OLIVIER CYRIL
FRAN541912,旅游法语,1,16,1.0,李文君
FRAN542112,法语国家及地区文化,1,16,1.0,BAROT OLIVIER CYRIL
FRAN542512,现当代法语文学导读,1,16,1.0,臧小佳
FRAN542612,基础法语视听说-1,1,32,2.0,曾珠
FRAN542812,法国美食文化,1,32,2.0,BAROT OLIVIER CYRIL
FRAN543812,法语系统语法,1,32,2.0,郭琳
FRAN544012,中法跨文化交际,1,32,2.0,BAROT OLIVIER CYRIL
FRAN900212,法语阅读写作实践,1,32,1.0,BAROT OLIVIER CYRIL
FRAN900512,创新创业项目,1,32,1.0,寇媛媛
GERM110912,二外/德语-2,1,64,4.0,钟游
GERM440612,德语基础口语,1,32,2.0,何小超
GERM440912,基础德语,1,96,6.0,何小超
GERM441812,德语欧标写作,1,32,2.0,何小超
GERM441912,德语欧标阅读,1,32,2.0,何小超
GERM442012,德语欧标口语,1,32,2.0,何小超
GERM442112,德语欧标听力,1,32,2.0,何小超
GERM442612,中级德语-2,1,96,6.0,赵欣
GERM540312,基础德语视听说-3,1,32,2.0,何小超
GNED104912,中华诗词创作入门,1,32,2.0,"李明,金中"
GNED105412,“丝绸之路”文学史话,1,32,2.0,"范文娟,任婉尘"
GNED105512,英语演讲艺术,1,32,2.0,"刘睿,吉乐"
GNED107612,英语经典阅读：《西行漫记》与《老人与海》,1,16,1.0,"曹浩煊,曹兴潭"
GNED107712,莎士比亚戏剧名段赏读,1,16,1.0,"靳蓉,朱嘉春,杨芳"
GNED107812,中亚文明史,1,32,2.0,李万春
GNED107912,古代阿拉伯文明史,1,32,2.0,"李万春,任婉尘"
GNED108012,日本社会与文化,1,32,2.0,王晶
GNED108112,西班牙语语言与文化,1,64,4.0,田沛
GNED108212,中阿语言文化交际与实践,3,64,4.0,任婉尘
GNED108312,德语区语言与文化,1,64,4.0,何小超
GNED108412,俄罗斯语言与文化,1,64,4.0,彭玲
GNED108612,世界文明与跨文化沟通,1,32,2.0,"方菁,卢燕华,李蓓岚,郭继荣"
GNED108712,心理、行为与文化,2,32,2.0,"赵荣,姚昭"
GNED108912,西方文明史,1,32,2.0,范文娟
GNED109012,英语词源与文化,1,16,1.0,"杨蕾,史文霞,马丽娜"
JAPN110812,二外/日语-2,1,64,4.0,"曹红荃,任宏昊"
JAPN111012,日语基础,1,32,2.0,"沈丽芳,张文丽"
JAPN430612,日语口译,1,32,2.0,"沈丽芳,孙莉"
JAPN440212,日语学术论文特征与写作,1,32,2.0,"霍士富,曹红荃,范夏苇,任宏昊,时渝轩"
JAPN440412,基础日语,1,90,6.0,"沈丽芳,任宏昊,范夏苇"
JAPN440512,日语写作,1,32,2.0,"YAZAKI MASAKAZU,KANETO SACHIKO"
JAPN440612,综合日语听说,1,32,2.0,"YAZAKI MASAKAZU,KANETO SACHIKO"
JAPN440812,综合日语,1,60,4.0,孙莉
JAPN440912,日语会话,1,32,2.0,"任宏昊,沈丽芳"
JAPN441112,日语语言学概论,1,32,2.0,"张伟莉,任宏昊,曹红荃"
JAPN442112,日语听说Ⅲ-2,1,32,2.0,KANETO SACHIKO
JAPN442212,综合日语Ⅲ-2,1,64,4.0,KUGAWA MICHITAKE
JAPN442512,日语视听说-2,1,32,2.0,王晶
JAPN442612,基础日语-2,1,96,6.0,"沈丽芳,YAZAKI MASAKAZU"
JAPN442712,基础日语-4,1,96,6.0,"孙莉,KANETO SACHIKO"
JAPN443212,日语基础写作,1,32,2.0,KUGAWA MICHITAKE
JAPN443312,日语视听说-4,1,32,2.0,张伟莉
JAPN443412,日语阅读,1,32,2.0,"曹红荃,张伟莉,张文丽"
JAPN530512,日本现代社会,1,32,2.0,张长安
JAPN541612,日语会话-2,1,32,2.0,KUGAWA MICHITAKE
JAPN542012,日语会话-4,1,32,2.0,YAZAKI MASAKAZU
JZSJ900812,日语口译实践,1,16,0.5,"孙莉,沈丽芳"
JZSJ900912,日语听说实践,1,32,1.0,YAZAKI MASAKAZU
PRAC410512,英语翻译实践,1,16,0.5,张敏
RUSS110412,二外/俄语-2,1,64,4.0,刘彦晶
RUSS430212,俄译汉,1,32,2.0,叶琳
RUSS440512,高级俄语-2,1,64,4.0,王慧
RUSS441712,俄语口语-2,1,32,2.0,YANGUTOVA RITA
RUSS442212,综合俄语-2,1,80,5.0,彭玲
RUSS530212,俄语报刊阅读,1,32,2.0,刘彦晶
RUSS540512,基础俄语视听说-5,1,16,1.0,YANGUTOVA RITA
XJLU200112,English Language and Study Skills for Business-2,1,150,5.0,黄平安
BASM310613,医学基础,1,64,4.0,"李延海,吴静"
BICH300613,生物化学实验,1,32,1.0,"李华,孔宇"
BIME410513,医学信息工程,1,32,2.0,"王刚,李尤君"
BIME411613,生物医学传感与仪器,1,48,3.0,"闫相国,李津"
BIME411813,生物医学传感与仪器专题实验,1,32,1.0,"李津,张博,吴敏"
BIME412413,医学智能诊断,1,44,2.0,"许夏瑜,李斌"
BIME412713,生物医学工程综合设计实验Ⅰ,1,32,1.0,"王刚,周秦武,李剑君"
BIME412813,医学基础专题实验,1,32,1.0,"陈岚,吴静"
BIME413013,生物医学工程概论,1,32,2.0,张建保
BIME413113,生物医学工程综合设计实验,1,64,2.0,王刚
BIME413213,生物材料,1,48,3.0,"宗瑜瑾,马玉菲"
BIME510213,康复工程,1,32,2.0,"刘天,李津"
BIME512013,单片机与嵌入式系统,1,64,3.0,"周秦武,杨玥"
BIME512413,数据结构与算法,1,40,2.0,"许夏瑜,杨清振"
BIME512813,生物信息学,1,40,2.0,"张虎勤,吴晓明"
BIME513013,物理治疗原理与设备,1,32,2.0,"张思远,王永波"
BIME513213,生物传热与传质,1,32,2.0,"何晓聪,冯上升"
BIME513913,微流控芯片技术,1,32,2.0,冯上升
BIME514013,高等生物材料,1,32,2.0,"马玉菲,靳国瑞,魏钊"
BIME514113,医用光学成像原理与仪器,1,32,2.0,"王斯佳,辛静"
BIME514313,生物医学光子学,1,32,2.0,"辛静,姚翠萍"
BIME515013,STM32核心板电路设计与制作,1,32,1.0,张博
BIME515113,医疗器械研发管理与产品认证,1,40,2.0,"李剑君,张博"
BIME515213,医学检验仪器,1,40,2.0,"翁国军,张博,杨玥"
BIME900313,科研思维训练-1,1,16,0.5,"朱键,张建保,李剑君,宗瑜瑾,李菲,孙晓龙,王斯佳,何晓聪,钟徽,张四平"
BIME900613,科研技能训练-1,1,16,0.5,"林敏,李剑君"
BIOL200413,生物2,1,40,2.0,闫菡
BIOL200913,生命科学基础I,2,56,3.0,"高琨,冯怡,丁岩,亓树艳,孙书洪"
BIOL310513,遗传学实验,1,32,1.0,朱东丽
BIOL310713,细胞生物学,1,48,3.0,丁岩
BIOL310913,遗传学Genetics,1,56,3.5,"闫菡,杨铁林,郭燕"
BIOL320913,Molecular Biology,1,48,3.0,"卢晓云,宋茜"
BIOL321013,遗传学,1,48,3.0,"杨铁林,郭燕"
BIOL321413,细胞生物学实验H,1,32,1.0,"高美丽,姜曼"
BIOL321613,分子生物学实验H,1,32,1.0,"亓树艳,孙书洪"
BIOL421413,分离综合开放实验,1,48,1.5,"张雅利,孔宇"
BIOL421613,生物化学-2,1,48,3.0,"彭韵桦,龙建纲"
BIOL422913,生命科学综合实验-1,1,32,1.0,"孔宇,孙书洪,李华,侯占武"
BIOL423013,生命科学前沿,1,32,2.0,"王昌河,丁毅,张义磊,谢文俊,黄荣,徐华栋,彭韵桦,李昊"
BIOL511313,神经生物学与脑科学,1,32,2.0,李延海
BIOL520313,代谢组学,1,32,2.0,"田中民,杨哲"
BIOL521113,合成生物学,2,32,2.0,谭丹
BIOL521413,生物制药技术,1,32,2.0,高美丽
BIOL521513,发酵技术与应用,1,32,2.0,高美丽
BIOL521713,基因编辑与基因治疗,1,32,2.0,陈锋
BIOL521813,生物组学与精准医学,1,32,2.0,"许洁,曹可"
BIOL521913,衰老生物学,1,32,2.0,"许洁,曹可"
BIOL522113,干细胞与再生医学,1,32,2.0,耿晶
BIOL522513,生物科技史,1,32,2.0,时乐
CHEM210713,生化仪器分析,1,32,2.0,"武亚艳,赵永席"
CORE100113,生命起源与生物进化,1,32,2.0,"刘晓刚,吴道澄"
CORE100213,华夏文明探源工程概述,1,32,2.0,"李源,谢磊,张虎勤"
GNED106313,探索生命奥秘—生命科学史,2,32,2.0,高琨
GNED106513,科幻与现实：科技与生命的探索,1,32,2.0,"高迪,李尤君,谢琳,李剑君"
GNED106613,生命科学与交叉领域前沿,1,40,2.0,"郭莉,丁岩,赵越,亓树艳,孙书洪,姜曼,李华,孔宇"
JZSJ900613,科研思维训练-2,1,16,0.5,"许丹,彭韵桦,成瀛,林敏,冯怡,杨哲,李昊"
ACAU323019,会计学,1,48,3.0,毛秋蓉
CORE100319,生活中的经济学,2,32,2.0,乔志林
CORE100419,破解中国经济发展之谜,2,32,2.0,李英东
ECMT480619,电子商务物流管理,1,32,2.0,魏修建
ECMT481219,电子商务原理,1,36,2.0,徐晓瑜
ECMT481319,网络经济学,1,34,2.0,"王智鑫,徐晓瑜"
ECMT581219,客户关系管理,1,32,2.0,王维
ECMT581719,多媒体技术,1,40,2.0,杨超凡
ECMT582319,电子政务,1,36,2.0,王立华
ECMT582419,人工智能概论,1,40,2.0,周博
ECMT583119,金融电子商务,1,40,2.0,张桂清
ECND000419,经济学专业导论,1,16,1.0,"李聪,宋丽颖,杨万平,乔志林,李双燕,马草原,刘航,马贵元"
ECND312619,宏观经济学Ⅱ,1,32,2.0,冯亚萍
ECND312819,宏观经济学,1,64,4.0,贾小玫
ECND313119,微观经济学,1,64,4.0,程瑜
ECND410419,中级宏观经济学,1,48,3.0,"魏玮,赵方"
ECND410819,博弈论,1,48,3.0,闫大卫
ECND411019,人力资源管理,1,32,2.0,赵志平
ECND411319,微观经济学,1,48,3.0,李华清
ECND411419,公司理财,1,48,3.0,张成毅
ECND411619,市场营销,1,32,2.0,张慧芳
ECND411819,博弈论,1,48,3.0,闫大卫
ECND411919,行为经济学,1,32,2.0,张蕾
ECND510919,制度经济学,1,32,2.0,程瑜
ECND511119,资本论选读,1,32,2.0,赵方
ECND511219,环境与资源经济学,1,32,2.0,贾智杰
ECND511319,公共经济学,1,32,2.0,贾小玫
ECND512519,经济学概论,1,32,2.0,李华清
ECND512919,行为经济学,1,40,2.0,"张蕾,乔志林"
ECND513019,博弈论,1,32,2.0,王锋
ECND513219,实验经济学,1,32,2.0,张蕾
ECND513419,博弈论,1,32,2.0,闫大卫
FINA320119,金融学,1,44,2.5,马瑶
FINA340319,金融学,1,48,2.5,马文涛
FINA340419,经济大数据分析,1,48,2.5,"李淑彪,王莹,董志龙,周博"
FINA420619,国际金融学,1,40,2.5,何建奎
FINA420719,中央银行学,1,32,2.0,景薇
FINA420819,公司金融,1,32,2.0,李倩
FINA430219,连续时间金融,1,32,2.0,王坤
FINA430419,固定收益证券,1,32,2.0,王雪萍
FINA430619,算法与数据结构,1,32,2.0,李淑彪
FINA440319,政府预算管理,1,24,1.5,王俊霞
FINA441519,公司金融,1,32,2.0,毛秋蓉
FINA441619,金融市场学,1,48,3.0,毛秋蓉
FINA442019,税务筹划,1,36,2.0,"薛晓琳,张雅丽"
FINA442219,建行企业文化与普惠金融,1,32,2.0,李淑彪
FINA442519,金融科技前沿讲座,1,32,2.0,李淑彪
FINA442719,数字货币与金融风险管理,1,32,2.0,李锐
FINA442819,现代金融学,1,48,3.0,马瑶
FINA443219,数字经济概论,1,32,2.0,"林颖,樊仲琛"
FINA443419,经济学原理,1,16,1.0,李华清
FINA443619,随机过程,1,32,2.0,王坤
FINA521119,投资项目评估,1,32,2.0,毛英
FINA521219,金融工程,1,32,2.0,薛宏刚
FINA531519,金融风险管理,1,32,2.0,马草原
FINA531619,互联网金融,1,32,2.0,"张成虎,王雪萍,王莹,李淑彪"
FINA540919,政府采购管理,1,32,2.0,"宋丽颖,冯晨"
FINA541319,税收学,1,32,2.0,姚公安
FINA541819,外国税制,1,32,2.0,刘华
FINA542219,金融工程案例分析,1,32,2.0,李岩
FINA542519,金融大数据应用,1,40,2.0,"王莹,董志龙"
FINA542619,投资基金管理,1,32,2.0,景薇
FINA542919,量化投资技术与方法,1,32,2.0,"元向辉,李岩"
FINA543219,投资学,1,32,2.0,范睿
FINA543419,经济金融中的数理模型,1,32,2.0,"张成毅,董志龙,马贵元"
FINA543519,财税应用研究基础,1,32,2.0,程可为
FINA543619,证券市场前沿与实务,1,32,2.0,程茂勇
GNED100319,宏观经济学,2,32,2.0,闫大卫
GNED100419,微观经济学,2,32,2.0,李华清
GNED101119,中国经济改革的理论与实践,2,32,2.0,程瑜
GNED101219,世界经济史,2,32,2.0,冯亚萍
GNED101419,经济学经典文献阅读和研究,2,16,1.0,程瑜
GNED101519,新结构经济学,2,32,2.0,樊仲琛
INTE100119,经贸汉语,1,64,4.0,徐丽华
INTE453119,国际市场营销学,1,40,2.5,赵锴
INTE453519,国际商务,1,40,2.5,陈绍俭
INTE453719,国际贸易实务,1,40,2.5,魏佳
INTE453919,跨国公司经营管理,1,32,2.0,王增涛
INTE454219,国际市场营销学,1,40,2.0,"袁晓玲,赵锴"
INTE454319,国际商务,1,32,2.0,陈绍俭
INTE454419,国际贸易实务,1,36,2.0,魏佳
INTE551919,世界经济地理,1,32,2.0,杨少华
INTE552819,国际技术与服务贸易,1,32,2.0,杨万平
INTE553219,商务英语,1,32,2.0,徐丽华
INTE553319,国际经济合作,1,32,2.0,赵锴
STAT370619,统计学,1,32,2.0,吴静娴
STAT470319,国民经济统计学,1,32,2.0,周亚莉
STAT471119,多元统计分析,1,44,2.5,严明义
STAT471419,国民经济统计学,1,40,2.5,周亚莉
TREC362719,产业经济学,1,48,2.5,蒋仁爱
TREC362819,管理学,1,40,2.5,"宋林,吴春颖"
TREC460519,现代物流管理,1,32,2.0,LI ZHENG
TREC460619,公共关系学,1,24,1.5,刘泓汛
TREC460719,连锁经营与管理,1,24,1.5,彭晖
TREC461019,战略管理,1,32,2.0,亢延锟
TREC461519,价格理论与实践,1,32,2.0,李江龙
TREC561119,商业伦理学,1,32,2.0,彭晖
TREC561619,商务谈判,1,32,2.0,杨少华
TREC562519,经济博弈论,1,32,2.0,王锋
TREC563019,博弈论与信息经济学,1,32,2.0,王锋
JZSJ900124,科研训练-2,1,32,1.0,丁卫
LAWS302424,中国法律史,1,32,2.0,杜军强
LAWS302624,国际法（英）,1,32,2.0,"单文华,谷婀娜"
LAWS401624,劳动与社会保障法学,1,32,2.0,王玉苹
LAWS403124,法律诊所,1,0,2.0,"张紫薇,苟学珍"
LAWS403224,商法学,1,48,3.0,楼晓
LAWS403424,国际经济法学,1,48,3.0,林雪贞
LAWS403624,经济法,1,48,3.0,"齐鹏,王碧"
LAWS403724,民法学与民事诉讼法学,1,48,3.0,聂卫锋
LAWS403824,法理学,1,48,3.0,苟学珍
LAWS404124,法律职业伦理,1,32,2.0,王碧
LAWS404224,国际私法学（英）,1,32,2.0,郭剑萍
LAWS404324,国际经济法学,1,32,2.0,陈虹睿
LAWS404524,国际经济法学（英）,1,32,2.0,"王鹏,谷婀娜"
LAWS404724,国际私法学,1,32,2.0,李万强
LAWS405124,知识产权法Ⅰ,1,32,2.0,李晓鸣
LAWS405824,知识产权法Ⅱ,1,32,2.0,周方
LAWS406624,刑法分论,1,48,3.0,苏青
LAWS406724,民法分论,1,64,4.0,"薛华,马宁,曹晓路"
LAWS406924,商法,1,32,2.0,楼晓
LAWS407724,经济法,1,32,2.0,"吴锐,苟学珍"
LAWS500124,当代国际关系,1,32,2.0,王鹏
LAWS500424,外国法制史,1,32,2.0,王玉苹
LAWS500524,立法学,1,32,2.0,张艾思
LAWS500924,法律方法,1,32,2.0,季雪亮
LAWS501224,亲属与继承法,1,32,2.0,曹晓路
LAWS501324,公司法,1,32,2.0,张冰
LAWS501424,金融法,1,32,2.0,曹毅搏
LAWS501824,信息安全法学,1,32,2.0,王玥
LAWS503824,律师制度与实务,1,32,2.0,王新雷
LAWS505524,国际投资法,1,32,2.0,"单文华,张生"
LAWS506124,侵权法,1,32,2.0,聂卫锋
LAWS506824,国际知识产权法,1,32,2.0,权彦敏
LAWS507524,国际投资法（英）,1,32,2.0,"杜娟,张生"
LAWS508224,国际商法,1,32,2.0,陈虹睿
LAWS510624,英美案例选读,1,32,2.0,冯雪
LAWS510724,法律翻译与法律英语写作,1,32,2.0,张紫薇
LAWS900324,法庭辩论与法律谈判,1,32,1.0,"李晓鸣,寿媛君"
LAWS900424,法律诊所,1,32,1.0,"苟学珍,张紫薇"
CORE100200,生命与伦理,1,32,2.0,"冯亮,宋彬,王玥,雒自新,魏琳"
CORE101500,论语的智慧,1,32,2.0,陆卫明
GNED107714,西迁精神与大学文化,1,16,1.0,"苏玉波,成进,梁辉,史瑞琼,杨澜涛,程洪莉,李重"
GNED107914,中华民族共同体概论,1,32,2.0,"李婧,徐慧,燕连福"
JZSJ200114,课程设计,1,0,1.0,宋希斌
MLMD100214,中国近现代史纲要,1,32,2.0,宋欢迎
MLMD190814,形势与政策2（民族预科）,1,32,2.0,李家胜
MLMD191014,形势与政策,1,32,2.0,李家胜
MLMD196614,马克思主义基本原理,1,48,3.0,刘占虎
MLMD199314,习近平新时代中国特色社会主义思想概论,1,48,3.0,陈建兵
MLMD402814,中共党史,1,48,3.0,"陆卫明,田建军,杜晓燕"
MLMD402914,思想政治教育原理与方法研究,1,48,3.0,"杨华,马忠,燕连福,朱旭,高飞,冯亮,雒自新,武星星"
MLMD403114,西方哲学史,1,48,3.0,寇爱林
MLMD403714,马克思主义哲学经典著作选读,1,48,3.0,"燕连福,李重,苏玉波,郑冬芳,王维国"
MLMD403914,马克思主义哲学原理,1,48,3.0,吴鹏
MLMD502414,现代西方经济学流派,1,48,3.0,樊晓燕
MLMD503414,当代中国政府与政治,1,32,2.0,王维国
MLMD503514,马克思主义与当代社会思潮,1,48,3.0,王哲
PHLS100914,医学伦理学,1,32,2.0,"魏琳,冯亮,宋彬"
POLI100214,政治经济学,1,48,3.0,刘儒
POLI102114,形策2025春（专题十一： 两会精神：以人口高质量发展支撑中国式现代化 )武星星,1,2,0.0,武星星
POLI102214,形策2025春（专题九：加快建设教育强国）张丹,1,2,0.0,张丹
POLI102314,形策2025春（专题十六：当前我国社会思潮新趋势及其影响）陈永华,1,2,0.0,陈永华
POLI102414,形策2025春（专题十四：新一轮科技革命的趋势与影响）刘珈彤,1,2,0.0,刘珈彤
POLI102514,形策2025春（专题二：全球治理体系变革）朱旭,1,2,0.0,朱旭
POLI102614,形策2025春（专题六：当前我国社会思潮新趋势及其影响）高飞,1,2,0.0,高飞
POLI102714,形策2025春（专题五：台湾问题与两岸关系）李家胜,1,2,0.0,李家胜
POLI102814,形策2025春（专题十：加快建设社会主义文化强国）冯亮,1,2,0.0,冯亮
POLI102914,形策2025春（专题一：新一轮科技革命的趋势与影响）杨华,1,2,0.0,杨华
POLI103014,形策2025春（专题十二：新一轮科技革命的趋势与影响）岳潇,1,2,0.0,岳潇
POLI103114,形策2025春（专题四：当前我国经济形势与就业形势）段朱清,1,2,0.0,段朱清
POLI103214,形策2025春（专题三：当前我国社会思潮新趋势及其影响）伊景冰,1,2,0.0,伊景冰
POLI103314,形策2025春（专题十三：新一轮科技革命的趋势与影响)李婧,2,2,0.0,李婧
POLI103414,形策2025春（专题八：加快建设教育强国）梁珊,3,2,0.0,梁珊
POLI103514,形策2025春（专题七：当前我国社会思潮新趋势及其影响）张楠,1,2,0.0,张楠
POLI103614,形策2025春（专题十五：建设教育强国）苏玉波,2,2,0.0,苏玉波
MATH010007,专业导论（数学类）,1,16,1.0,"郭士民,徐宗本,李丽敏,曾薇,喻达磊,杨树森,贾骏雄"
MATH200807,概率论,1,32,2.0,戴艳俊
MATH201307,数学建模I,1,58,3.0,乔琛
MATH201407,数学建模II,1,40,2.0,李换琴
MATH201607,数学物理方程,1,32,2.0,王宇莹
MATH293207,线性代数,1,64,4.0,王仁振
MATH293307,基础数学实验,1,48,2.0,马军
MATH293507,数学Ⅱ,1,48,3.0,陈虎民
MATH293607,高等数学（留） II2,1,104,6.5,刘峰
MATH293807,高等数学（民族预科）,1,96,6.0,邸双亮
MATH294307,高等数学I-2,1,110,6.5,刘康民
MATH294607,数学分析II-2,1,96,6.0,缑天祥
MATH294907,数学分析I-2,1,96,6.0,"王立周,司飞"
MATH295207,高等代数与几何I-2,1,96,6.0,"王卫,马世林"
MATH295407,高等代数与几何II-2,1,80,5.0,"贾惠莲,王亚婷"
MATH295507,概率论与数理统计,1,48,3.0,康艳梅
MATH295607,概率统计与随机过程,1,64,4.0,"王宁,岳宗胜,魏恒嘉"
MATH295907,高等数学I-2（留）,1,88,5.5,刘峰
MATH296107,工科数学分析-2,1,99,6.0,"李继成,高安喜,薛尧"
MATH297207,高等数学-2,1,80,5.0,韩国栋
MATH297407,高等数学III-2,1,80,5.0,刘亚相
MATH297707,高等数学IV-2,1,64,4.0,刘晋平
MATH297807,高等数学II-2,1,99,6.0,杨海
MATH297907,高等数学V,1,64,4.0,朱旭
MATH298307,概率论与数理统计(米理),1,48,3.0,宋鹏飞
MATH311207,复变函数,1,48,3.0,高正焕
MATH311607,实变函数,1,64,4.0,刘小川
MATH325107,概率论,1,64,4.0,程晓青
MATH325207,数理统计,1,64,4.0,付利亚
MATH325307,随机过程,1,48,3.0,程晓青
MATH342907,实变函数,1,64,4.0,尤波
MATH343407,复变函数,1,64,4.0,林明华
MATH411607,拓扑学,1,48,3.0,张强
MATH411707,微分几何,1,48,3.0,张正策
MATH413107,数值分析,1,48,3.0,郭士民
MATH442207,生物统计基础,1,56,3.0,李丽敏
MATH442407,偏微分方程数值解法,1,48,3.0,侯延仁
MATH442607,矩阵分析,1,48,3.0,徐康丽
MATH442707,最优化方法,1,48,3.0,李辉
MATH443407,时间序列与金融统计,1,48,3.0,"康尧,惠永昌"
MATH443507,多元数据分析与统计软件,1,58,3.0,张春霞
MATH525207,机器学习,1,32,2.0,孟德宇
MATH542107,统计学习(含R软件),1,32,2.0,张讲社
MATH542407,近代数学选讲,1,32,2.0,"蒋耀林,王斌"
MATH542707,动力系统初步,1,32,2.0,祖建
MATH543007,数字图像处理,1,32,2.0,"孙剑,许翔宇"
MATH543407,组合与图论,1,32,2.0,鲁红亮
MATH544007,贝叶斯统计,1,32,2.0,赵谦
MATH544507,数值代数,1,32,2.0,王飞
MATH544607,代数拓扑讨论班,2,32,2.0,郗平
MATH544807,应用科学中的反问题,1,32,2.0,杨家青
MATH544907,地学大数据分析,1,32,2.0,"王治国,吴帮玉"
MATH545107,不确定数据分析,1,32,2.0,张红英
MATH547307,分析讨论班,1,32,2.0,陆亚明
0HYS303500,固体物理,1,64,4.0,张胜利
CORE100109,材料与人类文明,1,32,2.0,"汪飞,杨生春,杨森,周桂江,周超,卢学刚,梁超,杨志懋"
CORE100309,量子科学与技术革命,2,32,2.0,"李福利,张胜利,赵永涛,任洁茹,高宏,赵迪,张沛,刘博,高韶燕"
CORE100409,走进天文学,1,32,2.0,左兆宇
GNED100609,物理建模与创新实践,1,32,2.0,"赵述敏,蒋臣威,翟立朋,王晨辉,邱淑伟,方爱平"
JZSJ900128,医学成像科学与应用,1,64,2.0,"赵永涛,雷铭,王兴,孔春才,杨健,杨爱民,穆廷魁,初大可,栗建兴,麻少辉"
PHYS200128,基础物理实验（预科）,1,16,0.5,"毛胜春,曹子君"
PHYS200228,物理学导论,1,16,1.0,"夏明岗,赵铭姝,赵永涛,冯俊"
PHYS200628,大学物理III（米理）,1,64,4.0,"王喆,娄晓杰"
PHYS200828,普通物理学 原子物理学,1,48,3.0,邵国运
PHYS201128,电动力学,1,64,4.0,"田光善,赵迪"
PHYS210209,热学,1,48,3.0,高博
PHYS210409,电磁学,1,48,3.0,刘博
PHYS210509,原子物理学,1,48,3.0,任雪光
PHYS215409,电磁学,1,64,4.0,陈晓林
PHYS260309,大学物理III,1,64,4.0,喻有理
PHYS260409,大学物理IV,1,64,4.0,卜涛
PHYS280209,大学物理实验II,1,32,1.0,肖国宏
PHYS281009,现代物理基础导论,1,48,3.0,赵迪
PHYS281509,大学物理II-1,1,64,4.0,"徐忠锋,王小力,姜雯,潘璇,薛坤,谢吉坤,钟长春"
PHYS281809,大学物理实验I-1,1,32,1.0,王晨辉
PHYS282309,自然科学发展概论,1,48,3.0,"杨森,吕东梅"
PHYS282509,理论力学,1,48,3.0,王延申
PHYS282609,物理（民族预科）,1,64,4.0,方爱平
PHYS283509,大学物理学（实验）Ⅰ,1,32,1.0,"翟立朋,常凯歌"
PHYS283709,大学物理学（理论）1,1,64,4.0,"李宏荣,邵怀爽,方爱平"
PHYS283909,基础物理实验-1,1,32,1.0,胡龄之
PHYS300228,创新物理实验Ⅰ,1,64,2.0,"王红理,赵述敏,冯雪红,翟立朋"
PHYS300328,综合物理实验Ⅰ-1,1,48,1.5,"张俊武,张倩,邱淑伟,童童,高博"
PHYS311309,电动力学,1,64,4.0,张鸿飞
PHYS316209,理论力学,1,64,4.0,"冯俊,李福利"
PHYS316609,固体物理,1,48,3.0,王宇
PHYS317809,综合物理实验Ⅱ-1,1,32,1.0,"张俊武,张倩,邱淑伟,童童,高博"
PHYS318009,创新物理实验II,1,32,1.0,"王红理,冯雪红,翟立朋"
PHYS400128,原子物理学,1,64,4.0,"赵永涛,任洁茹,王兴"
PHYS400228,原子分子光物理,1,48,3.0,"赵迪,张仁,刘博,蒋臣威"
PHYS401209,量子光学与量子信息导论,1,32,2.0,"张沛,杨玉,张仁,王信,王鹤峰"
PHYS401528,核技术基础,1,48,3.0,"赵永涛,王兴,Dieter Hoffmann,张鸿飞,任洁茹"
PHYS403709,光学设计,1,32,2.0,唐茜
PHYS404909,材料物理专门实验2,1,32,1.0,郭永利
PHYS405609,粒子物理导论,1,32,2.0,李荣
PHYS405809,核物理导论,1,48,3.0,毛施君
PHYS405909,凝聚态物理专业实验,1,32,1.0,"杨宏,冯雪红,耶红刚"
PHYS406009,凝聚态物理学导论,1,64,4.0,"夏明岗,刘杰"
PHYS406109,材料物理性质,1,32,2.0,周超
PHYS406309,材料研究方法,1,32,2.0,孔春才
PHYS406409,量子信息创新实验,1,32,1.0,"冯雪红,张沛,高宏,卫栋,王晨辉,王云龙,刘瑞丰"
PHYS500628,综合表达与写作,1,32,2.0,"杨森,赵铭姝,柯小琴"
PHYS523609,信息光学,1,48,3.0,刘瑞丰
PHYS523809,数字图像处理与分析,1,48,3.0,张俊武
PHYS524909,材料计算与模拟,1,32,2.0,杨涛
PHYS541509,科研训练I,1,32,1.0,高博
PHYS541609,科研训练II,1,32,1.0,高博
PHYS546509,科研训练I,1,32,1.0,赵迪
PHYS546609,科研训练II,1,32,1.0,冯俊
PHYS565909,非线性光学,1,32,2.0,卫栋
PHYS566509,纳米物理导论,1,32,2.0,"夏明岗,程曌芳"
COMP301018,大数据技术与应用,1,32,2.0,"李清宏,王洋"
CORE100218,谋与断：中国治理现代化的思与悟,2,32,2.0,"何晓晨,杜鸣溪,刘秋雨,王洋,杜海峰"
CORE100318,当代中国公共管理与政策分析,2,32,2.0,"黎洁,王昕红,杨雪燕,卢丽,葛廷帅"
ECND302318,卫生经济学,1,24,1.5,"赖莎,范小静"
ECND302518,宏观经济学Ⅲ,1,32,2.0,杜巍
ECND302618,计量经济学,1,32,2.0,"李清宏,王洋,范小静"
ECND400118,公共经济学,1,32,2.0,雍岚
GNED105818,经典导读：集体行动的逻辑,2,16,1.0,"王洋,何晓晨,杜海峰"
GNED106118,马尔萨斯《人口原理》,2,16,1.0,柳江华
GNED106318,中国地方行政导论,2,32,2.0,崔瑞锋
JZSJ400418,科研训练,1,32,1.0,范小静
MAGT000118,公共管理专业导论,1,16,1.0,"马伟,胡晗,李燕凌,朱正威,胡芳肖,杜海峰,董新宇,杨潇"
MAGT300818,公共管理研究方法,1,32,2.0,柳江华
MAGT301518,项目管理,1,32,2.0,石琛
MAGT302218,职业生涯规划,1,32,2.0,"马伟,胡晗"
MAGT302318,农村发展,1,32,2.0,"黎洁,李飞"
MAGT302418,政府公文写作,1,32,2.0,"梅红,刘瑞佳"
MAGT303018,管理运筹学,1,32,2.0,"郭雪松,马宁"
MAGT303118,应用统计学,1,64,4.0,"许永建,杨小军"
MAGT303418,公共政策学,1,32,2.0,刘慧君
MAGT400418,组织行为学Ⅱ,1,32,2.0,"周忠良,陆姣,孙雪姗"
MAGT401118,社会保险理论与实务,1,32,2.0,章芬
MAGT401218,劳动经济学,1,48,3.0,胡芳肖
MAGT401318,中国政府与政治制度,1,32,2.0,白萌
MAGT500218,国家公务员制度,1,32,2.0,白萌
MAGT500518,公共治理,1,32,2.0,"刘遥,刘晨晖"
MAGT500918,城市管理学,1,32,2.0,胡春萍
MAGT501118,电子政务,1,32,2.0,"马宁,刘晨晖"
MAGT501218,保险学,1,32,2.0,杨潇
MAGT501318,社会福利与优抚,1,32,2.0,毛瑛
MAGT501518,劳动关系学,1,32,2.0,"代秀亮,张泽滈"
MAGT501618,政府运作与管理,1,32,2.0,阎波
MAGT501918,政府与企业,1,32,2.0,"刘朔,杜鸣溪"
POLI400118,中外政治思想史,1,32,2.0,吕书鹏
POLI500118,国际政治,1,32,2.0,崔瑞锋
ARCH310322,外国建筑史1,1,32,2.0,刘怡
ARCH360722,住宅建筑设计原理,1,16,1.0,张定青
ARCH360922,城市规划原理,1,32,2.0,曹象明
ARCH361022,建筑设备工程,1,24,1.5,罗昔联
ARCH361222,风景园林设计原理,1,24,1.5,杨晗孜
ARCH361322,建筑物理1,1,40,2.5,"王赞社,罗昔联"
ARCH362022,素描,1,80,4.0,石峰
ARCH362122,建筑表现技法-1,1,24,1.0,张冬冬
ARCH362222,建筑表现技法-2,1,24,1.0,张冬冬
ARCH362522,建筑构造 -1,1,32,2.0,虞志淳
ARCH362622,色彩,1,80,4.0,石峰
ARCH363122,中国建筑史,1,40,2.5,"王佳,雷耀丽"
ARCH364222,建筑力学、结构与选型,1,64,4.0,"张立,侯健,罗冬"
ARCH364322,美术基础-2,1,80,4.0,石峰
ARCH400522,建筑设计基础3,1,96,4.0,戴靓华
ARCH410422,城市与公共建筑专题设计,1,112,6.0,王琪
ARCH410522,建筑设计III,1,112,6.0,马立
ARCH411122,智慧城市与城市计算,1,32,2.0,"崔鑫,金立文,贾国圣"
ARCH411522,城市空间数据获取与分析,1,16,1.0,许威
ARCH411722,建筑设计基础-2,1,96,4.0,"王非,杨晗孜,齐应涛"
ARCH412422,建筑设计基础-2,1,96,4.0,雷耀丽
ARCH412622,建筑设计-2,1,112,6.0,戴靓华
ARCH412722,建筑设计基础-1,1,96,4.0,雷耀丽
ARCH500122,环境心理学,1,24,1.0,党纤纤
ARCH540222,建筑摄影,1,16,1.0,吴志勇
ARCH540722,场地设计概论,1,24,1.5,王非
ARCH541322,当代建筑评论,1,24,1.5,周典
ARCH541522,园林与景观设计,1,24,1.0,李慧娟
ARCH541822,建筑师职业教育,1,8,0.5,杨路
ARCH542022,世界遗产概论Introduction to World Heritage,1,24,1.5,李红艳
ARCH542122,高层建筑设计概论,1,16,1.0,王梦莹
ARCH542422,建筑初步设计与施工图设计,1,24,1.0,王佳
ARCH544222,传统建筑理论（英）,1,24,1.5,周晶
ARCH900222,人居环境大数据与多规合一综合设计1,1,128,4.0,"徐怡珊,程芳欣,甄蒙,孙露"
ARCH901122,建筑模型制作-3,1,32,1.0,吴志勇
ARCH901222,建筑模型制作-1,1,32,1.0,吴志勇
ARCH901322,建筑模型制作-2,1,32,1.0,吴志勇
BEEA400622,热质交换原理与设备,1,32,2.0,"党政,徐晗"
BEEA400822,暖通空调,1,56,3.5,"张联英,关博文,张胜"
BEEA401022,建筑冷热源,1,48,3.0,"王沣浩,王志华"
BEEA401122,建筑设备自动控制,1,32,2.0,王军
BESE900122,建筑环境综合实验-2,1,16,0.5,马从付
BESE900222,暖通空调综合设计,1,96,3.5,"孔琼香,张联英,关博文"
CIVL310322,房屋建筑学,1,44,2.0,"黄晓林,孙萍萍,孙中豪"
CIVL420922,土木工程施工,1,32,2.0,"岳焱超,高云,罗冬"
CIVL421222,测量学,1,40,2.0,"罗冬,韩波"
CIVL421622,结构力学-1,1,64,4.0,张玲玲
CIVL422422,土木工程材料,1,46,2.0,"王剑云,侯健,侯月琴"
CIVL422522,弹性力学,1,32,2.0,张敬华
CIVL542622,工程经济与项目管理,1,24,1.5,"张玲玲,魏欣"
CIVL543922,混凝土结构设计,1,40,2.0,宋丽
CIVL544122,钢结构设计,1,40,2.0,薛晓敏
CIVL544422,桥梁工程,1,40,2.0,苏有华
CIVL544522,工程结构抗震,1,24,1.5,"马建勋,岳焱超,陈晓光"
CIVL544822,城市应急管理与防灾减灾,1,24,1.5,"许领,吴冰,魏欣,左璐,赵腾远,陆世锋"
CIVL545822,房地产开发与经营,1,32,2.0,张妮
CIVL900222,土木工程综合实验,1,48,2.0,"韩波,左璐"
CIVL900322,结构设计实践,1,32,1.0,"韩波,侯月琴"
CORE100222,中外建筑艺术与欣赏,2,32,2.0,"王佳,刘天野"
EARS200122,人居环境科学概论,1,16,1.0,"张硕英,曹象明,张定青,王新轲,WANG YUPENG,顾兆林,程燕"
EARS200222,环境热力学,1,64,4.0,"张云伟,顾兆林,李进,陈美娟"
EARS300722,环境生物学,1,56,3.0,"唐龙,刘宗宽,徐芙清,邓时海"
EARS400422,生态学,1,48,3.0,"张凡,王俊淇"
EARS400522,环境工程学,1,96,5.0,"石烜,梁继东,金鑫,王文东,徐芙清,刘宗宽,姜泽宇,田明姣"
EARS400922,城市遥感技术,1,16,1.0,许威
EARS503522,城市气象与极端灾害,1,40,2.0,"贝耐芳,张云伟,李瀚瑛,沙丽娟"
GNED100522,中国历史建筑与传统文化,2,32,2.0,"张钰曌,王佳,YEO SOK YEE"
GNED101022,思考，快与慢,1,16,1.0,张玲玲
GNED101322,结构设计思维与实践,1,48,2.0,"陆世锋,左璐,张硕英,宋丽"
GNED101422,海洋科学导论,2,32,2.0,"沙丽娟,李瀚瑛,蔡演军"
JZSJ300122,建筑模型制作6,1,16,0.5,吴志勇
JZSJ300322,建筑模型制作2,1,16,0.5,吴志勇
JZSJ300422,建筑模型制作3,1,16,0.5,吴志勇
JZSJ300522,建筑模型制作4,1,16,0.5,吴志勇
JZSJ300922,设计实践1,1,16,0.5,雷耀丽
JZSJ301022,设计实践2,1,16,0.5,雷耀丽
JZSJ301222,设计实践4,1,16,0.5,戴靓华
JZSJ301422,设计实践6,1,16,0.5,张钰曌
JZSJ900422,创新创业实践II,1,120,3.0,戴靓华
JZSJ900522,创新创业实践III,1,80,2.0,戴靓华
JZSJ900622,创新创业实践IV,1,40,1.0,戴靓华
JZSJ900822,创新创业实践I,1,160,4.0,戴靓华
CENG220216,工程算法设计与模型求解,1,47,2.0,"张永海,方嘉宾"
CENG320516,化工安全,1,32,1.5,"胡准,林波,陈磊"
CENG321416,化学反应工程,1,48,2.5,"伊春海,谢涛"
CENG321716,化工原理实验-1,1,16,0.5,张瑜
CENG322016,化工原理-1,1,56,3.0,"魏进家,谢涛,欧鸿辉"
CENG322116,工程热力学,1,40,2.5,"孙杰,王睿,杨福胜"
CENG322216,流体力学,1,40,2.5,"方嘉宾,蔡柳溪"
CENG322316,化工安全与环保,1,32,2.0,"胡准,黄正清,郭坤,卢柄璋,李贺"
CENG421916,过程装备智能制造基础,1,32,2.0,"邓建强,何阳"
CENG422016,过程设备设计,1,48,2.5,"侯雄坡,魏进家,齐宝金"
CENG422116,过程装备控制技术,1,56,2.5,"张早校,吴小梅,吴震,侯雄坡"
CENG422316,能源化工过程安全,1,36,2.0,"段权,宋岩,侯雄坡,柴孟瑜"
CENG422416,过程流体机械,1,50,2.5,"李云,高秀峰,侯雄坡"
CENG422516,化工分离过程,1,48,2.5,"李娜,黄哲庆"
CENG422616,化工传递过程,1,52,2.5,"刘永忠,康丽霞"
CENG520116,化工仪表及自动化,1,32,1.5,"闫孝红,周文静"
CENG520516,化学工程与工艺实验,1,32,1.0,郝妙莉
CENG523016,化工工艺学Ⅱ,1,24,1.5,"邓建强,曹峥"
CENG523116,化工机械强度与振动,1,24,1.5,张海滨
CENG523416,反应器设计,1,24,1.5,"王斯民,王家瑞,侯雄坡"
CENG524016,过程装备腐蚀与防护Ⅰ,1,24,1.5,"胡海军,钟显康"
CORE100116,环境治理与可持续发展,1,32,2.0,"齐随涛,周强,陈鑫,费强,姜召"
CORE100316,全球气候史,1,32,2.0,"杜少华,陈啸,周强"
CORE100516,科学的历程,1,32,2.0,"郑楠,补亚忠,黄占东"
CORE102900,资源、能源、环境和社会,1,32,2.0,"费强,杨庆远,刘敬军,魏进家"
GNED100116,工程思维与创新,1,32,2.0,"黄占东,杨小平"
GNED100216,身边的化工,1,32,2.0,"胡超,陈磊"
GNED100316,《薛定谔生命物理学讲义》导读,1,16,1.0,"郭坤,蔡柳溪,陈磊"
GNED100416,易经的智慧,1,32,2.0,"张华承,于萌,李博,黄博"
GNED100716,最耀眼的思维火花—漫话科学思维,1,32,2.0,"蔡柳溪,王振嵩,余小玲"
GNED100916,分子“乐高”晶体，魅力新材料,1,32,2.0,"张文祥,马和平"
GNED101016,不立危墙之下：安全科技概论,1,32,2.0,"柴孟瑜,杨卷"
GNED101416,史话春秋战国：《东周列国志》导读,1,16,1.0,任丹
ITDE420116,创新项目设计,1,32,1.0,"刘永忠,康丽霞"
JZSJ400716,创新科研训练,1,64,2.0,齐宝金
SCTR420116,化工设计,1,80,3.0,"黄哲庆,康丽霞"
0RAC501500,妇产科生产实习B,1,0,6.0,李雪兰
0RAC502200,外科生产实习B,1,0,18.0,孙学军
BASM300248,病理生理学,1,90,5.0,"刘瑞,邓秀玲,孙宏志,刘进军,王燕,王新凤,冯洁,张伊,庞正达"
BASM300348,局部解剖学,1,108,4.0,"董炜疆,冯改丰,许杰华,杨蓬勃,靳辉,肖新莉,钱亦华,杨维娜,贾宁,张建水"
BASM300548,病理学,1,153,7.5,"任淑婷,张海峰,赵长安,孙颖,孙瑞芳,莫立平,周党侠"
BASM300848,病理生理学,1,60,3.0,"刘瑞,邓秀玲,王燕,刘进军,王新凤,冯洁"
BASM301048,人体寄生虫学,1,36,2.0,"司开卫,张旭"
BASM301248,组织学与胚胎学,1,96,5.0,"吴晓林,田宏,武捷,张晓田,周劲松"
BASM302748,病理解剖学,1,68,3.5,"任淑婷,张海峰,赵长安,孙颖"
BASM302848,药理学Ⅰ,1,24,1.5,"徐佳曦,陈莉娜"
BASM303148,口腔局部解剖学,1,72,4.0,"杨维娜,肖新莉"
BASM304248,局部解剖学,1,64,2.5,"许杰华,董炜疆,冯改丰,贾宁,张建水,杨蓬勃,胡明"
BASM304348,医学微生物学,1,56,3.0,"王洪亮,刘成程,寻萌"
BASM304748,医学微生物学,1,48,2.5,"陈艳炯,韩蕾,杨娥"
BASM304948,机能实验学,1,48,1.5,胡浩
BASM305048,人体分子与细胞- II,1,64,4.0,"杨旭东,蒋小英,雷莉,侯妮,赵凌宇,陈妍珂,肖正涛,王一东"
BASM305148,人体形态学-II,1,24,1.5,"孙颖,孙瑞芳,姚秦钰,赵长安"
BASM305248,整合实验-Ⅱ,1,112,3.5,"周党侠,任淑婷,蒋小英,杨旭东,俞小瑞,孟凯,莫立平,孟列素,史小莲,雷莉,李冬民,王新凤,胡浩,张莉,孙颖,崔刚,赵长安,贺建宇,陈丽,王涛,陈妍珂,侯妮,赵凌宇,郑芳,武一,孙瑞芳,李海韵,徐晶,赵铭,张海峰"
BASM305648,人体功能学,1,96,6.0,"张莉,霍福权,王涛,郭媛,王新凤,刘瑞,赵铭,陈莉娜"
BASM305748,人体分子与细胞-Ⅰ,1,64,4.0,"李冬民,杨娟,秦棪楠,赵柏林,郑芳,杨旭东"
BASM305848,基本科研素养,1,24,1.5,"刘进军,刘利英,赵四海,张澍,陈莉娜,翟中会,李冬民,孟列素"
BASM305948,人体分子与细胞,1,64,4.0,"李冬民,武一,杨娟,杨旭东,李海韵,陈妍珂"
BASM311140,医学实验动物学,1,32,1.5,"刘恩岐,王蓉,白亮,屈鹏祥,王维蓉,赵四海,郭龙"
BASM311340,口腔局部解剖学,1,56,2.0,"胡明,任文婷,杨蓬勃,钱亦华"
BASM311540,生理学,1,56,3.5,"王涛,陈丽,王玉英,丁毅,陈坷,姚婷,宋琳"
BASM311640,免疫学,1,40,2.0,"史霖,雷艳君,季延红,马运峰"
BASM311840,病理生理学,1,32,2.0,"李会霞,冯洁,庞正达,佘刚,王燕,张伊"
BASM311940,病理学,1,40,2.0,"孙颖,崔刚,刘甲"
BASM312040,机能实验学Ⅰ,1,32,1.0,"胡浩,郭媛,贺建宇,苏青"
BASM312540,生理学,1,64,4.0,"刘健,郭媛,罗肖,张莉,李宏宝"
BASM312640,免疫学,1,50,2.5,"王军阳,周晓勃,史霖,张保军"
BASM312840,病理学,1,96,4.5,"孙颖,赵长安,莫立平,张海峰,孙瑞芳,任淑婷,周党侠"
BASM312940,生物信息学,1,32,1.5,"韩蕾,陈艳炯,寻萌,杨娥,刘成程"
BASM313040,机能实验学Ⅰ,1,32,1.0,"胡浩,史小莲,张莉,贺建宇,陈丽,郭媛,王涛,孟凯,孙强,王玉英,李宏宝,冯洁,朱延河,李迎,庞正达,李会霞,齐杰,陈坷,魏晓静,姚秦钰,赵铭,刘甲,宋琳"
BASM313240,医用电子显微技术,1,24,1.0,"马捷,朱杰,尚姗姗,刘梦"
BASM313340,全科医学教育,1,32,2.0,"宋彬,王明旭,张玮"
BASM313440,药理学,1,48,3.0,"贺建宇,周筠,史小莲,贺熙"
BASM313740,生理学,1,40,2.0,"康玉明,徐佳曦,梁玲利,王玉英"
BASM314240,药理学,1,64,4.0,"赵铭,陈莉娜,史小莲,周筠,贺建宇"
BASM400140,药理学,1,88,4.0,"赵铭,林蓉,史小莲,赵正杭,徐佳曦,刘书勤"
BASM400348,病理学,1,104,5.0,"任淑婷,孙瑞芳,赵长安,孙颖,莫立平,张海峰"
BASM400648,神经生物学,1,32,2.0,"吕海侠,陈新林,张智超,安晶,马凯歌"
BASM400848,生理学,1,72,4.5,"陈丽,姚璐,王勇,魏晓静"
BASM401148,分子生物学实验方法与技术,1,32,1.0,杨旭东
BASM401448,机能学实验方法与技术Ⅲ,1,24,0.5,胡浩
BASM401548,学科交叉专题,1,32,2.0,"张德文,吴春生,王健,马永强,王亮,方宇,阎春霞,吕海侠,马乐,张谞丰,黄辰,张明真,孟列素,陈艳炯,徐云刚"
BASM401648,综合实验设计,1,32,1.0,吕海侠
BASM402148,病理学,1,56,3.5,"赵长安,崔刚,莫立平"
BASM402248,医学微生物学基础与进展,1,44,2.5,"王洪亮,刘成程,寻萌,陈艳炯"
BASM402348,免疫学与分子免疫学,1,50,3.0,"王军阳,周晓勃,史霖,季延红,马运峰,张保军,孙晨鸣,侯玉柱"
BASM402548,医学实验方法与技术II,1,104,3.0,"胡浩,史小莲,赵铭"
BASM500140,断面解剖学,1,32,2.0,"钱亦华,冯改丰,张建水,杨维娜,胡明,杨蓬勃,陈新林,高菱鸽"
BASM500248,结构生物学,1,48,2.5,"焦联营,范晓娇"
BASM500348,医学科研方法与综合实验,1,40,2.0,"季延红,黄辰,周劲松,李冬民,刘健,胡浩,林蓉,陈新林,吕海侠,吴春生,杨娟,刘恩岐"
BASM500448,医学前沿专题,1,48,3.0,"吕海侠,霍福权,陈新林,梁玲利,张莉,姚璐,张保军,侯玉柱,张明真,康玉明,徐佳曦,刘进军,吴春生,杜立萍,吕社民,李冬民,郑芳,闫继东,朱文华,高丹"
BASM900148,前沿讲座,1,32,2.0,孟列素
BASM900248,创新能力训练-2,1,64,2.0,寻萌
BICH300940,生物化学,1,32,2.0,"马捷,蒋晓刚"
BIME300148,医工学基础,1,32,2.0,"刘进军,孟列素,和水祥,王渊,吴春生,杜立萍,庄健,王健,张德文"
BIOL300148,生物化学,1,128,7.0,"李海韵,郑芳,朱文华,吴昊,孟列素,李冬民,肖正涛,蓝茜,赵柏林,杨旭东,蒋晓刚,马捷"
BIOL300548,分子生物学,1,44,2.0,"蒋晓刚,蒋小英"
CENG400148,化工原理,1,72,4.5,"杨小平,周文静,卢闻,贺怀贞,侯晓芳,王程"
CLIM301248,放射诊断学,1,48,2.0,"杨健,张静平,丁宁宁,徐贵平,白璐,李晨霞,孙亲利"
CLIM301348,耳鼻咽喉科学,1,24,1.5,"任晓勇,张滟,高滢,张燕妮,闫静"
CLIM301448,医患沟通与技巧,1,16,1.0,常捷
CLIM400348,中医学,1,56,2.5,"赵娇,孙连庆,胡珊,夏欣欣,张哲"
CLIM400448,精神病学,1,32,1.5,"马现仓,陈云春,王崴,郭丽阳,杨小波,朱峰"
CLIM400548,内科学,1,48,2.5,"张岩,苏丹,秦斌,赵菊辉,万晓龙,田李芳,韩锦,蒙珊,张亦琳,张静,厚荣荣,张春艳,张明,王春亚,蒋伟"
CLIM400748,神经病学,1,54,2.5,"杨剑波,俱西驰,张玉蓉,王瑾,康丽,祁磊"
CLIM400948,皮肤性病学,1,32,1.5,"周艳,刘文丽,张子茜,张键,穆欣"
CLIM401048,急诊医学,1,32,1.5,"石秦东,郭利涛,苗常青,滕琰,刘昱,李昊,许静,梁欢,杜俊凯,黎明,许静"
CLIM401548,眼科学,1,32,1.5,"裴澄,吴昌睿,胡亚光,刘思伟,崔丽珺,雷剑琴,李晶明,魏婷,刘轩"
CLIM401648,儿科学,1,108,5.5,"史瑞明,周熙惠,张葳,杨永华,丁玎,刘丽,林晓洁,肖谧,曹禺,曹晓琴,何敏,刘海玲"
CLIM401748,急诊医学,1,30,1.5,"石秦东,杜俊凯,李昊,吴永兴,许静"
CLIM401848,医学影像学,1,72,3.0,"强永乾,杨健,金晨望,张明,丁宁宁,张静平,刘婷,荐志洁,王斐,李晨霞,孙亲利,王蓉,王亚蓉,牛刚,梁挺"
CLIM401948,皮肤性病学,1,27,1.5,"周艳,穆欣,韩丹,葛睿"
CLIM402048,口腔科学,1,32,1.5,"陈曦,陶洪,李大旭,孙俊毅,赵亮,李兴强,程百祥,吉玲玲,陈诚,程政,李珏丹,姚天华,屈凌寒,杨利洒"
CLIM402448,诊断学,1,120,5.5,"蒲丹,吕晶,陈明伟,路万虹,刘星君,杨春,孙怡宁,吴迪,范力宏,白玲,李红霞,樊萍,肖懿慧,金李,卢群,宋艳,刘海波,阳甜,卢新兰,任莉,石志红"
CLIM402548,耳鼻咽喉科学,1,32,1.5,"张少强,李宏慧,张婷,刘利锋"
CLIM402948,内科学Ⅰ,1,56,3.0,"浮姣,李慧贤,贺雅毅,高楚淇,刘淑,兰平,解新芳,吕佳"
CLIM403048,耳鼻咽喉科学,1,27,1.5,"邵渊,韩鹏,刘俊松"
CLIM403148,眼科学,1,27,1.5,"雷剑琴,崔丽珺,吴捷,吴昌睿,赵文心,马波,刘轩"
CLIM403248,急诊医学,1,28,1.0,"裴红红,古长维,彭卓,高彦霞,潘龙飞,张正良,党晓燕,王立明"
CLIM403448,外科学,1,84,3.5,"曹罡,马磊,刘阳,韩梅宁,李宗芳,李华,马建仓,杨佩,陆宏伟,闵卫利,管海涛,徐金锴,吴涛,李鹏,陈海文,郭振宇,单涛,张岩,张晋"
CLIM403648,医学影像学,1,90,4.0,"杨健,张静平,范妤欣,丁宁宁,刘婷,徐贵平,张毅力,孙亲利,白璐,李晨霞"
CLIM403748,内科学Ⅰ,1,72,3.5,"王毅,牛丹,吕晶,吴晓燕,郝志明,郭辉,解立怡,陈天君,孙吉平,任徽,杨世峰,李丹,党晓敏,朱柏,吕晓虹,李宏"
CLIM403848,口腔科学,1,27,1.5,"陈曦,刘治,陈江浩,李大旭,陶洪,赵亮"
CLIM404048,精神病学,1,27,1.5,"陈云春,马现仓,王崴,王睿,朱峰"
CLIM404248,外科学Ⅰ,1,120,6.0,"邢俊平,王铮,郑少华,郑瑾,林婷,夏鹏,冒平,王吉昌,李新举,张广健,仵正,郑鑫,耿智敏,李萌,李徐奇,王瑞,聂会勇,郑见宝,李勇新"
CLIM404348,传染病学,1,72,3.0,"何英利,石磊,张曦,杨瑗,刘锦锋,刘小静,牛迎花,陈红梅,陈云茹"
CLIM406348,毕业考试,1,0,0.0,柏宏亮
CLIM406448,皮肤感官系统与疾病,1,84,4.0,"耿松梅,霍福权,郑玉萍,周艳,曾维惠,王晓鹏,刘平,穆欣,郑焱,刘子瑶,赵琳,马君择,周爱意,张晓辉,马伟军,王建明,祝康,白艳霞,姚小宝"
CLIM406648,运动系统与疾病,1,48,2.5,"李浩鹏,马巍,晋瑞,李萌,杜恒,高宗强,张纯,刘瑞宇,张晨,杨佩,尹战海,张银刚,王伟,边卫国,乔鸿飞,张廷"
CLIM406848,呼吸系统与疾病,1,68,3.5,"李洋,陈天君,尚东,杨拴盈,和平,刘昀,杨侠,张洁,吴齐飞,方萍,张晋,牛刚,石志红,马跃峰,孙颖,史小莲,牛晨,史红阳,张明,石璞玉,谢新明,庞亚梅"
CLIM407148,肿瘤学概论,1,32,2.0,"刘棣,张保军,任淑婷,郭卉,张淑群,杨谨,李宗芳,尹晓然,吴喜利,施璠,马瑾璐,董丹凤,王乐,马海琳,龚拓拓"
CLIM407248,血液系统与疾病,1,48,2.5,"姚璐,周晓勃,孙强,李静,张鹏宇,刘华胜,杨云,习杰英,王芳侠,王怀宇,吴迪,赵万红,贺鹏程,白菊,王剑利"
CLIM407348,心血管系统与疾病,1,68,3.5,"牟建军,张明娟,邓惠兴,王顺,张岩,刘进军,周筠,白玲,寇惠娟,孙颖,张卫萍,郭宁,邓捷,高登峰,范力宏,李勇新,陈涛,田红燕,王海晨,金晨望"
CLIM407448,女性生殖系统疾病,1,88,4.0,"吕淑兰,韩蓁,宗璐,李春芳,黄谱,宋青,王慰敏,邹余粮,杨新园,杨筱凤,童国庆,陈茜,尉春艳,段钊,高庆,顾中亮,吴晓玲"
CLIM407848,临床技能实践-Ⅱ,1,32,1.0,"柏宏亮,卢群,辛爱利,秦星,王文静,陈伟,王悦,巩敏杰,王健,李涛,姚博文,张卓,杨卫周,余学元"
CLIM408048,儿童生长发育与疾病,1,72,3.5,"杨琳,帖利军,周戬平,宋红霞,郭亚乐,史瑞明,徐尔迪,廉国利,李丹,王雪莹"
CLIM408348,诊断学,1,158,7.5,"强薇,李静,王晓宁,殷燕,黄欣,杜媛,王顺,卢新兰,罗妙莎,冯云,刘海波,刘亚萍,李少军,刘亚,胡婷华,周博,折剑青,宁菲菲,王晓培,王志刚"
CLIM408448,外科学-1,1,126,6.0,"廖新华,姬文晨,聂会勇,夏鹏,白转丽,郑瑾,杨林,张勇,殷国志,高巍,周和平"
CLIM408848,临床技能学,1,30,1.0,"柏宏亮,卢群,辛爱利,姚博文"
CLIM408948,神经与精神疾病,1,60,3.0,"张茹,王虎清,孙宏,刘璟洁,卜宁,展淑琴,张欢,姚丽,王亚萍,高珂"
CLIM409048,临床医学导论,1,56,3.0,"郭晓燕,殷艳蓉,吴娟娟,赵刚,薛嘉虹,和水祥,张明,姜珏,高蕊,樊林,柏宏亮,张蓬勃,田普训,张晓智,李徐奇,蔡宏伟,陈涛"
CLIM409148,运动系统与疾病,1,40,2.0,"李浩鹏,马巍,晋瑞,李萌,杜恒,高宗强,张纯,刘瑞宇,张晨,杨佩,王伟,乔鸿飞,边卫国,张银刚,尹战海,秦杰"
CLIM409248,免疫系统与疾病,1,36,2.0,"季延红,周晓勃,孙丽娜,马运峰,侯玉柱,史霖,孙晨鸣,雷艳君,王军阳,何岚,郝志明,胡楠,李学义"
CLIM409348,病原与感染性疾病,1,64,3.0,"李海,司开卫,张旭,党双锁,杨瑗,张欣,何英利"
CLIM409848,泌尿系统与疾病,1,40,2.0,"陈海文,任淑婷,种铁,陈莉娜,薛力,付荣国,付德来,张鹏,冯婕,陈钊,邢俊平,刘华"
CLIM409948,儿童生长发育与疾病,1,40,2.0,"杨琳,帖利军,周戬平,宋红霞,郭亚乐,史瑞明,徐尔迪,廉国利,李丹,周熙惠"
CLIM410048,消化系统与疾病,1,56,3.0,"王进海,吴晓林,陈新林,姚璐,毛翠平,莫立平,殷燕,孙强,孙学军,王曙逢,史海涛,戴菲,张月浪,冯洁,李路,张谞丰,耿智敏,仵正,马师洋,贾皑,陆宏伟"
CLIM410148,女性生殖系统与疾病,1,44,2.0,"吕淑兰,韩蓁,宗璐,李春芳,黄谱,宋青,王慰敏,邹余粮,杨新园,杨筱凤,童国庆,陈茜,尉春艳,段钊,高庆,顾中亮,吴晓玲"
CLIM500144,核医学,1,32,1.5,"邓惠兴,杨爱民,高蕊,贾茜,耿倩倩,薛建军"
CLIM500148,临床病理学,1,24,1.5,"宫惠琳,张冠军,王鸿雁,曹培龙,邓元,蒋依娜,刘希,梁华,隋燕霞"
CORE100148,健康与疾病,1,32,2.0,"卢新兰,邓景元,黄省利,路万虹,周灿,高杨,施秉银"
EELC322440,医用电子学,1,32,2.0,张方
ENGL300447,护理专业英语,1,24,1.5,"张银萍,王婧,周凯娜"
FORM400143,法医法学,1,48,2.5,"魏曙光,朱杰,朱永生,张洪波"
FORM400248,法医案例综合分析,1,24,1.5,"樊栓良,马丽霞,顾姗智,韩卫,高雅,张洪波,张宝,王振原"
FORM400443,法医病理学,1,160,7.5,"王振原,刘新社,李涛,张玉向,阎春霞,樊栓良"
FORM400543,法医物证学,1,120,5.5,"赖江华,张宝,孙钦儒,张洪波,朱永生"
FORM400548,法医毒理学,1,56,3.0,"马丽霞,井航,党永辉"
FORM400648,法医毒物分析,1,64,2.5,"马丽霞,井航"
FORM400748,精神病学与法医精神病学,1,64,3.5,"韩卫,党永辉,高雅"
FORM400848,法医临床学与人类学,1,88,4.5,"顾姗智,朱杰,陈腾,贾晓俤,高雅,官方霖"
FORM500148,法医心理学,1,44,2.5,"党永辉,孙钦儒,贾晓俤,韩卫,官方霖"
GNED100748,基因的奥秘,1,32,2.0,王福
GNED100948,健康素养导论,2,32,2.0,"黄珊,毛国超,赵永林,杜冲,刘棣"
GNED101448,病毒与人,2,32,2.0,"侯彦丽,高雅,赵玉杰,张小玲,王岗"
GNED101748,人体的奥秘,1,32,2.0,陈丽
GNED101848,中医理论与实践,3,32,2.0,"包涛,窦建卫"
GNED101948,《探索大脑》导读,2,16,1.0,"徐佳曦,黄宁,杨睿"
HIST300140,医学史,1,24,1.5,"宋彬,王明旭"
INFT320340,医学信息检索与利用,1,16,1.0,翟中会
JZSJ400247,临床护理实习,1,0,19.0,王小琴
JZSJ400443,法医专业实习,1,0,10.0,朱杰
JZSJ400448,临床技能训练,1,0,1.0,"柏宏亮,卢群"
JZSJ400548,临床内外科实习,1,0,9.0,"何爱丽,种铁,周戬平"
JZSJ400748,临床教学实习,1,0,16.0,马兴
JZSJ400948,基础科研训练,1,0,2.0,吕海侠
JZSJ900148,专业实习,1,160,4.0,吕海侠
JZSJ900348,临床药学专题实习,1,400,10.0,"张抗怀,封卫毅"
JZSJ901048,口腔基础技能训练,1,80,2.0,"裴丹丹,王方,侯琳娜,张雨萌"
JZSJ901148,社区护理实习,1,80,1.0,郭晓元
JZSJ901948,外科生产实习Ⅰ,1,720,18.0,马兴
JZSJ902048,口腔外科生产实习,1,640,16.0,"裴丹丹,王方,侯琳娜,张雨萌"
JZSJ902248,传染科生产实习,1,120,3.0,王渊
JZSJ902548,内科生产实习Ⅲ,1,560,14.0,王渊
JZSJ902848,妇产科生产实习Ⅰ,1,240,6.0,李雪兰
JZSJ902948,儿科生产实习,1,120,3.0,王渊
MAGT400142,药事管理学,1,48,3.0,"方宇,冯变玲,姜明欢,常捷,杨才君"
MATL400148,口腔材料学,1,32,1.5,"雷波,邓晓红,肖敏,孙雪飞,党薇"
NURS300248,护理人文素养,1,48,2.5,"周凯娜,方华,王小琴,杨磊"
NURS300448,健康评估,1,64,3.0,"施齐芳,吕爱莉,李宁,王婧"
NURS300548,护理教育学,1,30,1.5,"李津,高睿"
NURS300748,护理学导论,1,48,2.5,"李小妹,李津,张婧珺,杨磊,周凯娜"
NURS300848,基础护理学-1,1,72,3.0,"王娣妙,高睿,郭晓元,张迎,米晓芬"
NURS400248,护理研究,1,28,1.5,"蒋文慧,方华,杨磊,王小琴"
NURS400447,老年护理学,1,24,1.5,"顾炜,张迎"
NURS400448,护理管理学,1,28,1.5,"张银萍,顾炜"
NURS400548,急危重症护理学,1,32,1.5,"张银萍,顾炜"
NURS400648,外科护理学 Ⅱ,1,72,3.5,"高睿,李津,罗艳,吴娜"
NURS401048,内科护理学 Ⅱ,1,72,3.5,"李宁,吕爱莉,施齐芳,王婧"
NURS401248,精神健康与心理护理,1,48,2.5,"郭丽阳,马明芳,伏炜,李雅妹,周莉娜,姜文慧,贾敏,文炳龙"
NURS500248,人工智能与护理,1,16,1.0,"杨磊,张婧珺,张迎"
NURS500348,护理信息学,1,40,2.0,"张迎,张婧珺,周凯娜,杨磊,李梦驰"
PHMA300348,生药学,1,64,3.0,"牛晓峰,王戌梅,刘霞,高昕,展颖转,周涛"
PHMA300448,药物分析,1,64,3.0,"侯晓芳,解笑瑜,景王慧,郝旖"
PHMA300548,药物流行病学,1,24,1.5,"吴谦,王丽荣,沈明望,齐欣,张天啸"
PHMA300648,生物药剂学,1,40,2.0,"李维凤,张彦民,韩省力,张沛沛,董凯"
PHMA303842,波谱解析,1,40,2.5,"朱宇红,张新新,张海龙"
PHMA304042,有机化合物波谱解析,1,40,2.5,"张卉,詹冠群,郭增军"
PHMA400542,药物分析学,1,80,4.0,"曾爱国,南冠君,罗智敏,景王慧"
PHMA401042,工业药剂学,1,84,4.0,"李维凤,高阳,王珂,邢建峰"
PHMA401142,化学制药工艺学,1,64,3.0,"魏晓峰,潘晓艳,毛帅"
PHMA401948,天然药物化学,1,48,3.0,"郭增军,张卉,朱宇红,詹冠群,张海龙,张新新"
PHMA402048,药剂学,1,100,4.5,"邢建峰,李维凤,王珂,张继业,董凯"
PHMA402148,临床药物治疗学各论 Ⅱ,1,80,4.0,"杨乾婷,张丽娜,李亚,杨鑫,谢姣,赵文娜,余静洁,鲍和,逯星竹"
PHMA402248,临床药物治疗学各论 Ⅰ,1,80,4.0,"王海涛,鲍和,季美汐,王娜,李莎,张莉,康力敏,谢姣,李友佳,王岩,马新文,杨乾婷"
PHMA402348,工业药物分析,1,64,3.0,"曾爱国,罗智敏,景王慧,韩省力,张彦民,张涛"
PHMA402848,药物合成反应,1,64,4.0,"黄渊,辛敏行,朱云博,张杰"
PHMA403048,药用植物学实验,1,32,1.0,"牛晓峰,高昕,刘霞,王戌梅"
PHMA403848,药用植物学,1,24,1.5,"牛晓峰,高昕,刘霞,王戌梅"
PHMA405148,药物合成反应实验,1,46,1.5,"魏晓峰,黄渊"
PHMA500342,生药显微鉴定技术,1,28,1.0,"王戌梅,牛晓峰,刘霞"
PHMA500442,临床药物治疗学,1,32,2.0,"王陶陶,马文兵,游翠玉,景临林"
PHMA500448,药物设计学,1,24,1.5,"李义平,毛帅"
PHMA500542,药学研究进展,1,32,2.0,"方宇,罗文娟,张继业,张新新,解笑瑜,侯晓芳,包涛,张杰,周涛,景王慧"
PHMA500642,分子生药学,1,36,1.5,"王戌梅,张涛,冯力,周涛"
PHMA500648,药物分离与检测科学,1,24,1.5,"侯晓芳,郝旖,景王慧,魏芬"
PHMA500948,药品生产质量管理,1,18,1.0,"姜明欢,方宇,赵明月"
PHYS200148,生物物理学,1,32,2.0,"吴春生,杜立萍,陈炜,蔡文,张德文,杜宝吉,王健"
PSYL300447,护理心理学基础,1,56,3.0,"张银萍,顾炜"
PUBH300348,临床营养学,1,24,1.5,"于燕,程悦"
PUBH400241,卫生化学,1,56,2.5,"韩蓓,孔利云,祁菲菲,程悦"
PUBH400341,卫生毒理学,1,64,3.0,"石兴民,安菲菲,李静"
PUBH400441,卫生微生物学,1,40,2.0,"薛晚利,孔利云"
PUBH400541,数据管理与分析,1,32,1.5,"吴谦,沈明望,张天啸,肖生彬"
STAT300141,生物统计学,1,32,1.5,"赵亚玲,李强"
STAT400141,生物统计学,1,96,4.5,"李强,李超,杨姣梅,陈方尧"
STOM060146,口腔医学导论,1,16,1.0,"董茜茜,董炜疆,虎小毅,侯玉霞,牛林,陈悦,高江红,刘中博"
STOM400948,口腔生物学,1,40,2.0,"许丹,李昂,裴丹丹,高江红,孟昊天,刘瑾,刘中博"
STOM402048,牙周病学Ⅰ,1,24,1.5,"刘瑾,周欢,赵晓丹,张佳喻,苗棣"
STOM402148,全口义齿修复学,1,80,3.0,"牛林,李蕴聪,赵巍,汪鹏,牛昱"
STOM402248,牙体手术学,1,48,2.0,"董茜茜,刘青,刘文静,傅姗琦,王小勤,方高峰,薛云鹏"
STOM402348,牙合学,1,24,1.0,"王爽,亓坤,王方"
STOM402448,口腔放射诊断学,1,40,2.0,"虎小毅,苗棣,王涛,方高峰,李立峰,廖立凡,杨柳小溪,吕成鹏,郭治辰"
STOM402548,社区牙科学,1,48,2.0,"田剑刚,高江红,张斌,陈诚,张月"
STOM402648,牙髓病学Ⅱ,1,80,3.5,"董茜茜,薛云鹏,方高峰,刘文静,王小勤,牛玉梅,关晓月,傅姗琦,冯睿"
STOM402948,口腔颌面外科学Ⅲ,1,60,2.5,"马思维,李旭奎,毕思思,郭治辰"
STOM403148,口腔病理学,1,56,2.5,"辛颖,齐红,张佳"
STOM403348,口腔正畸学,1,104,4.5,"王菲,邹蕊,侯玉霞,王爽,郭昱成,程姝丽,赵华翔,乔虎,邹薇,杨宇轩,王丽颖,普盼君,吉玲玲,鲍庆红"
STOM403448,口腔种植学,1,20,1.0,"周秦,贺龙龙,廖立凡,赵宁波"
STOM403648,牙体形态学,1,78,3.0,孙慧玲
STOM403848,儿童牙病学Ⅱ,1,44,2.0,"肖刚,董宁,刘飞"
STOM404048,口腔颌面外科学Ⅰ,1,90,4.5,"李旭奎,那思家,杨柳小溪,许方方"
STOM404248,固定义齿修复学Ⅰ,1,80,3.0,"裴丹丹,甘婧,韩影,党薇,贺敏"
STOM405048,口腔解剖生理学,1,40,1.5,"董炜疆,孙慧玲,王文斯,郭瑜鑫"
STOM405148,口腔修复学,1,148,6.0,"牛林,裴丹丹,胡波,赵巍,甘婧,何治一,董少杰,张鹏,梁蓓蕾,王珍珍,王文斯,逯宜,李蕴聪"
STOM405248,黏膜病学,1,20,1.0,"张佳,李琼华,董凯"
STOM405548,口腔医学教育创新,1,16,1.0,"裴丹丹,王方,侯琳娜,张雨萌,亓坤,张智勇"
STOM405648,合学,1,40,2.0,"王爽,亓坤,孙慧玲,王方"
STOM405748,口腔正畸学,1,56,2.5,"邹蕊,侯玉霞,郭昱成,王菲,王爽,乔虎,管丽敏,王丽颖,赵华翔,程姝丽,普盼君,邹薇,杨宇轩"
STOM405948,口腔组织病理学I,1,40,1.5,"李淑薇,齐红,辛颖,张佳"
STOM406148,牙周病学,1,56,2.5,"李昂,苗棣,朱春晖,陈悦,司薇杭,张佳喻,申丁,赵晓丹,张斌"
JZSJ400130,氢储能系统设计-2,1,104,3.5,李印实
JZSJ400230,热质储能系统设计-2,1,104,3.5,席奂
CHEM200429,化学专业导论课,1,16,1.0,"肖春辉,魏巍,张彦峰,丁书江,孙源慧,杨鸿辉,苏亚琼,成一龙"
CHEM200529,物理及化学基础实验,1,64,2.0,"白艳红,向丹,朱敏"
CHEM200629,基础化学Ⅰ,1,32,2.0,李健军
CHEM201129,无机化学Ⅰ-2,1,32,2.0,"张雯,李瑜"
CHEM249809,大学化学,2,48,3.0,"张雯,张莹"
CHEM249909,大学化学实验,1,32,1.0,郑阿群
CHEM250109,医用有机化学,1,64,4.0,许昭
CHEM250309,医用有机化学实验,1,48,1.5,李宝平
CHEM250509,普通化学原理-2,1,64,3.0,胡敏
CHEM250809,物理化学Ⅲ,1,112,5.5,"李骁勇,吴勇"
CHEM250909,物理化学Ⅱ,1,64,4.0,岳岭
CHEM251109,有机化学Ⅲ,1,48,3.0,郭丽娜
CHEM251309,无机与分析化学实验,1,32,1.0,向丹
CHEM251409,无机与分析化学,1,48,3.0,李银环
CHEM252309,储能化学基础实验-2,1,16,0.5,王耿
CHEM252409,储能化学基础-2,1,48,3.0,"高国新,周桂江,肖春辉"
CHEM300729,分析化学Ⅰ,1,32,2.0,李银环
CHEM300829,分析化学实验Ⅰ,1,32,1.0,高瑞霞
CHEM301129,无机化学实验Ⅰ-2,1,64,2.0,张雯
CHEM301229,现代仪器分析,1,48,3.0,梁军艳
CHEM301329,有机化学I-2,1,64,4.0,段新华
CHEM301629,物理化学,1,56,3.5,卜腊菊
CHEM301729,分析化学实验Ⅱ,1,32,1.0,李银环
CHEM320309,现代仪器分析,1,40,2.5,胡敏
CHEM320409,现代仪器分析实验,1,32,1.0,"郑阿群,张军杰"
CHEM340309,物理化学Ⅱ,1,32,2.0,苏亚琼
CHEM340709,Organic Chemistry,1,64,4.0,"白艳红,焦佼,徐四龙,李洋"
CHEM341909,物理化学实验-1,1,32,1.0,王耿
CHEM342009,有机化学实验-1,1,32,1.0,王婉秦
CHEM342209,物理化学Ⅰ-1,1,64,4.0,"赵翔,魏巍,李骁勇,王栋东"
CHEM342409,有机化学实验-2,1,80,2.5,高品
CHEM343409,储能原理-1,1,48,3.0,"高国新,丁书江"
CHEM400129,高等分析化学,1,32,2.0,高瑞霞
CHEM400229,化学绘图基础,1,32,2.0,周桂江
CHEM400329,有机合成化学,1,32,2.0,郭丽娜
CHEM400829,电化学基础,1,32,2.0,肖春辉
CHEM401329,有机光电原理及应用,1,32,2.0,"周桂江,杨晓龙,王栋东,孙源慧"
CHEM401529,能源化学创新实验,1,48,1.5,高国新
CHEM401929,合成化学创新实验,1,48,1.5,高国新
CHEM450709,配位化学,1,32,2.0,卜腊菊
CHEM451109,材料化学基础,1,32,2.0,于德梅
CHEM451209,化学生物学基础,1,32,2.0,孙杨
CHEM451709,高分子化学,1,32,2.0,"成一龙,张彦峰"
CHEM451809,无机制备化学,1,32,2.0,"梁军艳,熊礼龙"
CHEM451909,电化学基础,1,48,3.0,肖春辉
CHEM452109,高分子物理,1,32,2.0,"井新利,王淑娟"
CHEM500409,应用电化学,1,32,2.0,徐明
CHEM500529,有机结构分析,1,32,2.0,胡明友
CHEM500709,绿色化学,1,32,2.0,王优良
CHEM500829,量子化学,1,48,3.0,岳岭
CORE100209,化学与人类文明,1,32,2.0,"张雯,李静"
GNED100209,分析化学与社会发展,1,32,2.0,"许昭,王婉秦"
GNED100229,化美生活——化妆品赏析与探秘,1,40,2.0,"张雯,林培玲,张彦峰"
GNED100329,认知觉醒,1,16,1.0,"王美玲,徐慧,张志成"
GNED100429,《元素的盛宴》导读,1,16,1.0,吕东梅
GNED100529,美食与化学,1,32,2.0,"张磊,郑红,赵翔"
JZSJ900109,科研训练-3,1,32,1.0,吕东梅
ARCH400231,建筑类型学,1,48,3.0,"LuigiMarioSpinelli,徐怡珊"
ARCH400331,数字空间表现基础（英）,1,32,2.0,"AlessandroScandiffio,张骞"
ARCH400631,建筑技术基础,1,48,3.0,"AnnaDallaValle,徐钰彬"
ARCH400931,建筑设计-4,1,112,6.0,"徐怡珊,StamatinaKousidi,FrancescaZanotto"
ARCH401331,建筑物理,1,64,4.0,"GiulianoDall'O',王赞社"
ARCH401531,景观规划设计原理,1,24,1.5,杨晗孜
ARCH402031,城市规划原理,1,32,2.0,"ZacharyMarkJones,曹象明"
ARCH402431,建筑技术工坊,1,48,3.0,"徐钰彬,SalvatoreViscuso"
ARCH402531,建筑设计-2,1,96,4.0,"竺剡瑶,GerardoSemprebon,FabriziaBerlingieri"
ARCH500331,风景园林史,1,32,2.0,"张冬冬,NerantziaTzortzi"
ARCH500431,历史建筑保护概论,1,48,3.0,"ValeriaNatalinaPracchi,徐怡珊"
ARCH500831,场地设计原理,1,24,1.5,王非
ARCH501031,建筑测绘,1,32,2.0,"YEO SOK YEE,FrancescoFassi"
ARCH502031,人居环境与社会调查,1,40,2.0,张硕英
ARCH502131,海绵城市规划与设计,1,32,2.0,甄蒙
INDE400231,产品生命周期管理（英）,1,32,2.0,SERGIOTERZI
INDE400631,概念建模工具,1,64,3.0,FaustoBrevi
INDE400731,产品设计创新材料,1,32,2.0,"ValentinaRognoli,杨眉"
INDE400931,高级三维建模,1,64,3.0,"PietroPiazzolla,乔木"
INDE401031,产品设计基础I,1,48,2.0,"PatriziaBolzan,杨延璞"
INDE401431,设计符号学,1,32,2.0,"李宏伟,董琪"
INDE401531,虚拟现实技术,1,40,2.0,"郑帅,王飞"
INDE401631,人机交互技术与设计应用,1,40,2.0,"李晓玲,孙佳佳,王晶"
INDE401931,设计思维与实践,1,48,2.0,"李宏伟,李萌,张德文"
INDE500231,设计与建筑美学,1,32,2.0,"李晓玲,齐应涛"
INDE500431,智慧产品设计,1,32,2.0,"VenereFerraro,雷思梦"
INDE500631,数据科学方法和工具,1,32,2.0,"FrancescoPierri,王硕"
INDE500731,工程与功能材料,1,32,2.0,"杨森,赵铭姝,田方华,周超"
INDE500831,机器学习导论,1,40,2.0,庞善民
INDE900231,设计实践-2,1,64,2.0,ValentinaRognoli
INDE900731,设计实践-5,1,64,2.0,"PatriziaBolzan,杨增耀"
CORE100151,经济学导论,2,32,2.0,秦波涛
CORE100251,经济学的思维方式,1,32,2.0,俞炜华
CORE100351,华尔街如何管理金融风险：交大财富课,1,32,2.0,张国平
ECND300351,中级微观经济学Intermediate Microeconomics,1,64,4.0,周翔翼
ECND300451,中级宏观经济学Intermediate Macroeconomics,1,64,4.0,张一
ECND400651,产业经济学Industrial Economics,1,48,3.0,郭誉森
ECND400951,时间序列分析Time Series Analysis,1,48,3.0,Jae-Yoon Kim
FINA300851,金融学原理,1,48,3.0,赵媛
FINA400251,货币银行学Money and Banking,1,32,2.0,侯晓辉
FINA400351,金融市场学,1,32,2.0,周翔翼
FINA500251,金融风险管理Financial Risk Management,1,32,2.0,张国平
GNED100151,经济学与社会,1,16,1.0,俞炜华
GNED100251,经济学与历史,2,32,2.0,俞炜华
XJLU300251,Essentials Of Finance,1,150,5.0,李晶
XJLU300351,Introduction To Macroeconomics,1,150,5.0,张一
XJLU400351,Maths for Economics and Business,1,150,5.0,"胡琳,Jae-Yoon Kim"
GNED100132,改变世界的十二个发现,2,32,2.0,赵一凡
INSM000132,测控技术导论,1,16,1.0,"杨青,汤晓君"
INSM000232,智能感知工程导论,1,16,1.0,王琛英
INSM300132,工程光学-2,1,32,2.0,王昭
INSM400132,MEMS技术及应用,1,40,2.0,韩枫
INSM400232,误差理论与数据处理,1,32,2.0,刘懿莹
AUTO040105,自动化专业概论,1,16,1.0,蔡远利
AUTO200527,储能系统检测与估计,1,32,2.0,张乐
AUTO400305,运筹学I,1,48,3.0,周玉洲
AUTO400405,运筹学II,1,32,2.0,鄢超波
AUTO400505,自动控制原理 I 下,1,32,2.0,"杨清宇,张萌"
AUTO402327,运动控制系统（钱）,1,48,2.5,刘小勇
AUTO402927,数字设计与计算机原理,1,64,4.0,"段战胜,孙宏滨"
AUTO440405,系统建模与动力学分析,1,48,3.0,闫涛
AUTO440805,计算机网络原理与应用,1,48,2.5,杨静
AUTO441105,运动控制系统,1,40,2.5,杨旸
AUTO501027,信息物理融合能源系统,1,32,2.0,"管晓宏,徐占伯,吴江,刘坤,刘烃"
AUTO501227,智能信息融合,1,32,2.0,韩德强
AUTO501327,系统仿真与元宇宙,1,32,2.0,卫军胡
AUTO501627,数字设计与计算机原理专题实验,1,32,1.0,"刘瑞玲,刘源"
AUTO540105,过程控制与系统,1,32,2.0,郑辑光
AUTO540205,计算机控制技术,1,32,2.0,"葛思擘,胡怀中,刘小勇"
AUTO540605,工业系统综合自动化基础,1,32,2.0,高峰
AUTO542705,自动控制原理专题实验2,1,16,0.5,景洲
AUTO543005,“运动控制系统”专题实验,1,32,1.0,刘源
AUTO543105,“现代检测技术”专题实验,1,32,1.0,刘瑞玲
AUTO543205,“计算机控制技术”专题实验,1,32,1.0,景洲
AUTO543305,电子线路设计设计训练专题实验2,1,24,0.75,刘美兰
AUTO543605,过程控制与系统专题实验,1,32,1.0,"刘瑞玲,王莹"
AUTO545005,智能控制,1,32,2.0,胡怀中
AUTO545405,移动机器人,1,32,2.0,吕娜
AUTO545505,数字图像与视频处理,1,40,2.5,"兰旭光,张雪涛"
AUTO545605,无线传感器网络,1,32,2.0,姚向华
AUTO545705,网络与信息安全,1,40,2.0,沈超
AUTO545805,计算智能,1,32,2.0,柯良军
AUTO545905,导航与制导原理,1,32,2.0,兰剑
AUTO546205,智能机器人基础,1,32,2.0,曹建福
AUTO546705,自动控制原理II,1,48,3.0,郑辑光
CODE510411,Linux操作系统应用开发训练,1,32,1.0,田丽华
CODE520311,计算机组成与结构专题实验,1,32,1.0,"李晨,张玉龙,王飞,田丽华"
COMP000227,网络空间安全导论,1,32,2.0,"苏洲,刘怡良,王云涛,李鹏"
COMP000327,计算概论,1,32,2.0,"师斌,龚铁梁"
COMP200627,大学计算机I（米理）,1,56,3.0,"薄钧戈,乔亚男,齐琪"
COMP200727,大学计算机II（米理）,1,32,2.0,薄钧戈
COMP200827,大学计算机 - 数据分析,1,52,3.0,张伟
COMP200927,大学计算机 - 人工智能,1,52,3.0,崔舒宁
COMP201027,大学计算机 - 信息技术,1,52,3.0,谢涛
COMP201127,大学计算机 - 算法编程,1,52,3.0,陈龙
COMP201227,算法设计与问题求解,1,36,2.0,乔亚男
COMP201327,面向对象与桌面应用程序设计,1,36,2.0,房琛琛
COMP201427,数据库技术及应用,1,36,2.0,"刘虎军,代锦飞"
COMP201627,Web编程技术,1,36,2.0,"谢涛,李宏伟"
COMP201727,物联网技术及应用,1,36,2.0,"齐琪,安健"
COMP201827,大数据分析与可视化,1,36,2.0,夏秦
COMP250105,离散数学A,1,64,4.0,"曹相湧,李文,彭祯"
COMP250405,大学计算机基础（民族预科）,1,56,3.0,顾刚
COMP252005,数字逻辑电路,1,48,3.0,顿玉洁
COMP300205,程序设计基础,1,56,3.0,李锋
COMP300627,计算机科学基础和高级程序设计-1,1,32,2.0,钱屹
COMP300727,嵌入式智能系统,1,40,2.0,李保红
COMP301127,数据结构与算法,1,56,3.0,"乔亚男,刘虎军"
COMP350405,数据结构与算法A（拔尖班）,1,80,4.0,顾刚
COMP400127,无线传感器网络,1,32,2.0,"范建存,毕海霞"
COMP400327,程序设计思想方法与实践,1,64,3.0,杨义军
COMP400527,人工智能导论,1,32,2.0,张玲玲
COMP400927,网络安全实战,1,48,2.5,陶敬
COMP401227,现代密码学,1,32,2.0,赵俊舟
COMP401627,面向对象程序设计,1,32,2.0,薄钧戈
COMP401927,数据结构与算法,1,48,3.0,黄鑫
COMP402027,计算机图形学,1,32,2.0,赵玺
COMP402127,计算机系统导论,1,64,4.0,"单丹枫,李昊"
COMP450205,操作系统原理I,1,48,3.0,"赵鲲,齐赛宇,丁菡"
COMP450305,形式语言与编译,1,56,3.5,李波
COMP450505,计算机网络原理,1,48,3.0,王志文
COMP451105,编译器设计专题实验,1,32,1.0,戴慧珺
COMP460305,数据结构与算法II,1,48,3.0,杜友田
COMP460605,计算机网络专题实验,1,32,1.0,郑卫斌
COMP460805,传感与检测专题实验,1,32,1.0,张利平
COMP460905,认知计算与机器学习,1,40,2.0,鲍军鹏
COMP461405,数据库系统,1,64,3.5,任雪斌
COMP461505,计算机体系结构,1,56,3.0,陈衡
COMP462105,数据库系统,1,48,2.5,"何亮,孙鹤立"
COMP462205,算法分析与设计,1,48,2.5,赖欣
COMP462305,计算机原理与嵌入式系统,1,48,3.0,杨晨
COMP462705,物联网原理,1,56,3.5,"桂小林,安健,丁菡"
COMP462805,物联网信息安全,1,40,2.0,"桂小林,戴慧珺"
COMP500327,密码分析学,1,32,2.0,李吉亮
COMP500527,人工智能安全与对抗,1,32,2.0,"沈超,蔺琛皓"
COMP500727,木马核心技术分析,1,32,2.0,孙钦东
COMP501127,在线社交网络智能分析与对抗,1,32,2.0,刘晓明
COMP501227,Rust语言程序设计,1,48,2.5,谢涛
COMP501627,编程实训,1,16,0.5,唐亚哲
COMP543305,“数据结构与程序设计”专题实验,1,32,1.0,"刘美兰,刘源"
COMP550105,优化方法基础,1,32,2.0,罗敏楠
COMP550305,面向对象程序设计,1,48,2.5,李保红
COMP550605,组合数学,1,32,2.0,蔺杰
COMP550705,软件定义网络,1,40,2.0,张鹏
COMP551005,汇编语言,1,48,2.5,陈衡
COMP553005,电子系统设计专题实验2,1,16,0.5,郑卫斌
COMP560105,计算机组成原理,1,48,3.0,"秦涛,张克旺"
COMP560405,物联网应用概论,1,32,2.0,"丁菡,赵衰"
COMP560805,物体标识与管理专题实验,1,32,1.0,安健
COMP561405,游戏设计与开发（AR/VR）,1,32,2.0,唐亚哲
COMP561705,软件工程,1,32,2.0,王鸽
COMP562205,计算机视觉与模式识别,1,48,2.5,"苏远歧,王乐"
CORE100105,表达与交流,1,48,3.0,"陈希,闫理贺,胡建晨,管晓宏"
CORE100305,基于“互联网+”背景的创业基础,1,48,2.0,黄健
EELC000227,微电子科学与工程导论,1,16,1.0,"程军,耿莉,张鸿,张国和"
EELC200105,微机原理与应用技术,1,56,3.0,"张朝阳,陈涛"
EELC200227,半导体物理与器件专题实验2,1,24,0.5,雷冰洁
EELC300127,数字逻辑电路Ⅱ,1,48,3.0,李昕
EELC300227,数字逻辑电路实验Ⅱ,1,32,1.0,杨栋
EELC300505,电子技术实验-2,1,16,0.5,郑卫斌
EELC300527,半导体物理与器件,1,64,4.0,赵小龙
EELC400105,数字逻辑电路,1,56,3.5,王今雨
EELC400227,电化学基础,1,56,3.0,"易文辉,王景平,徐友龙,代锦飞"
EELC401127,半导体器件,1,64,3.5,彭文博
EELC410205,半导体物理,1,56,3.5,"徐友龙,赵金燕,牛刚,杨亚威"
EELC410605,固体电子学实验1,1,32,1.0,"王景平,姚向华,马明"
EELC410805,物理电子学实验1,1,32,1.0,陈兵
EELC410905,微电子学实验,1,32,1.0,"王景平,姚向华,刘增辉"
EELC411005,光电子学实验1,1,32,1.0,田亚玲
EELC420405,微电子制造技术,1,32,2.0,刘明
EELC420905,模拟集成电路专题实验,1,48,1.5,齐欢欢
EELC421505,电介质物理,1,64,3.5,"徐卓,魏晓勇,夏颂,李飞"
EELC421905,模拟电子系统专题实验,1,32,1.0,齐欢欢
EELC422105,数字系统设计基础,1,32,2.0,梁峰
EELC422205,数字系统设计专题实验,1,32,1.0,雷冰洁
EELC422405,模拟集成电路设计II,1,40,2.5,许江涛
EELC511105,电子材料与器件原理,2,40,2.5,"周迪,胡庆元,李晓"
EELC511205,材料物理化学,1,40,2.5,"李振荣,王玲艳,刘增辉"
EELC511305,现代微分析导论,1,32,2.0,"王领航,汪敏强"
EELC512105,信息显示技术（双语）,1,40,2.5,"胡文波,李洁"
EELC513105,光电子材料与器件（双语）,1,32,2.0,"云峰,丁文,田振寰"
EELC513205,现代光学,1,40,2.5,"陈烽,杜广庆"
EELC513305,激光原理与技术,1,40,2.5,樊叔维
EELC520805,集成电路封装技术,1,32,2.0,李高明
EELC522005,微机电系统,1,32,2.0,韩传余
EELC530405,射频电路设计专题实验,1,32,1.0,师振盛
EELC530805,信号与系统VI,1,56,3.0,"王洪广,黄健,刘美琴"
EELC530905,等离子体电子学导论,1,32,2.0,"李永东,王耀功"
ELEC300227,电子技术基础,1,96,5.0,"符均,张育"
ELEC300327,现代电子技术基础,1,56,3.0,"徐然,王若铮"
GNED100127,《历史上最伟大的10个方程》,3,16,1.0,"曹猛,张贻齐,刘纯亮"
GNED100327,《时间简史》导读,1,16,1.0,李峰
GNED100527,艺术与科学的交汇,1,16,1.0,"管晓宏,杜友田"
GNED100627,互联网技术与应用,2,32,2.0,杨琦
GNED100727,计算思维与程序设计,2,32,2.0,杨琦
GNED100827,从一到无穷大,2,16,1.0,"李璟睿,庄建,张楠"
GNED100927,普通人的诺奖之旅—量子十讲,1,16,1.0,"牛刚,王玮,王宏兴"
GNED101127,系统工程与项目管理,1,32,2.0,彭勤科
GNED101227,经典阅读：理想国,1,16,1.0,李璟睿
GNED101427,费曼自传导读,1,16,1.0,"贺雨晨,刘建彬"
GNED101627,硅谷创新简史,1,32,2.0,张冰
GNED101727,电与生命,2,32,2.0,"丁文,王洪广,刘纯亮"
GNED106505,卫星导航系统漫谈,1,32,2.0,冯彦翔
INDE400127,人工智能导论（米理）,1,40,2.0,"李垚辰,魏星,刘帅,徐亦飞"
INFT300105,信号与系统Ⅰ,1,64,4.0,张渭乐
INFT300127,信号与系统III,1,48,3.0,郑通兴
INFT400127,通信原理与应用,1,96,5.5,"范建存,张莹,张翠翠"
INFT400227,信息物理融合能源系统,1,32,2.0,"管晓宏,刘烃,刘坤,胡建晨"
INFT400327,平面阵列 X 线源成像方法设计,1,48,2.0,牟轩沁
INFT400405,电磁场理论I,1,56,3.5,张贻齐
INFT400427,信号与系统V,1,52,3.0,"黄健,廖学文,李昂"
INFT400605,通信原理II,1,48,3.0,李锋
INFT400805,电磁场理论II,1,48,3.0,"曹猛,林舒"
INFT430105,数字信号处理,2,44,2.5,雷磊
INFT430605,信号与系统实验,1,16,0.5,"张建国,王霞,黄健,张渭乐,洪玺"
INFT431005,无线通信系统虚拟仿真实验,1,16,0.5,"张国梅,张世娇"
INFT431105,通信原理实验,1,16,0.5,张翠翠
INFT431505,电子技术实验-2,1,16,0.5,张翠翠
INFT530105,信息论基础The Elements of Information Theory,1,40,2.5,王慧明
INFT530205,移动通信,1,40,2.5,罗新民
INFT532705,短距离无线通信专题实验,1,32,1.0,陈伟
INFT533005,工程与社会,1,8,0.5,宋云鹏
INFT533205,数字通信与无线系统,1,40,2.5,"张国梅,杜清河,高贞贞"
INFT533605,电子系统设计基础,1,32,1.0,洪玺
INFT533705,光纤通信,1,40,2.5,田春明
INFT533805,数据通信与计算机网络,1,40,2.5,洪伟
INFT533905,通信网与程控交换技术,1,40,2.5,张亦希
INFT534005,微机原理及应用,2,48,2.5,"张国梅,张育"
INFT534105,天线原理,1,32,2.0,"陈晓明,陈娟"
INFT534205,纠错编码理论,1,32,2.0,李锋
INFT534305,数字图象处理,1,32,2.0,梁毅军
INFT534405,信号与系统IV,1,40,2.5,顿玉洁
INFT534505,数字信号处理,1,40,2.5,张懿洁
ITDE514105,太阳能电池设计制作,1,32,1.0,易文辉
ITDE514305,压电器件设计制作,1,32,1.0,"夏颂,高翔宇"
ITDE514405,电子系统设计制作,1,32,1.0,张朝阳
JZSJ300111,专业实习,1,0,3.0,王志
JZSJ900527,初级项目2：基于FPGA开发板的数字系统设计,1,52,2.0,程军
JZSJ900927,储能电池设计制作及集成化-2,1,104,3.5,"徐友龙,姚向华"
JZSJ902427,科研训练,1,32,1.0,唐亚哲
MATH200105,离散数学B,1,48,3.0,钱屹
MATH200127,离散数学Ⅳ,1,32,2.0,高照奇
MATH200327,概率统计与随机过程,1,64,4.0,"王平辉,阮亮中"
MATH200427,离散数学基础,1,40,2.5,柯炜
MATH230305,工程优化方法与应用,1,32,2.0,高贞贞
MATH230405,信息科学的矩阵分析基础,1,32,2.0,贺丽君
PHYS410105,量子力学,1,32,2.0,谭文疆
PHYS410205,热力学与统计物理,1,32,2.0,阙文修
SCTR400205,论文写作与发表,1,16,1.0,罗敏楠
SCTR400405,计算机科研习课,1,128,4.0,单丹枫
SCTR530105,科研训练,1,32,1.0,李秦龙
SOFT400111,面向对象程序设计方法,1,32,2.0,原盛
SOFT400127,计算机组成原理与系统结构,1,48,3.0,李晨
SOFT400227,操作系统,1,40,2.5,田丽华
SOFT400327,计算机网络,1,40,2.0,朱利
SOFT400427,嵌入式软件设计,1,32,2.0,史金钢
SOFT420311,编译原理,1,40,2.5,"吴晓军,徐亦飞"
SOFT420811,数据库系统（英）,1,40,2.5,白秀秀
SOFT420911,软件工程经济学,1,32,2.0,王晨旭
SOFT500127,数据库系统设计综合训练,1,16,0.5,白秀秀
SOFT500327,算法设计与分析,1,40,2.5,郑帅
SOFT500427,图像处理与机器视觉,1,40,2.5,"祝继华,田智强,李钟毓"
SOFT500527,机器学习技术综合训练,1,16,0.5,"庞善民,白秀秀"
SOFT500627,网络信息安全,1,32,2.0,田暄
SOFT510711,机器学习导论,1,32,2.0,庞善民
SOFT510911,编译系统设计综合训练,1,16,0.5,"吴晓军,徐亦飞"
SOFT511111,大数据技术,1,32,2.0,赵加坤
SOFT511211,计算机网络专题实验,1,32,1.0,张玉龙
SOFT511711,自然语言处理技术,1,32,2.0,姜沛林
SOFT900211,面向对象程序设计综合训练,1,16,0.5,"原盛,徐亦飞"
SOFT900811,图像处理与机器视觉综合训练,1,16,0.5,田智强
SOFT900911,Python程序设计综合训练,1,16,0.5,"张玉龙,郭宇"
AUTO200127,计算机科学与人工智能的数学基础I,1,64,4.0,汪建基
AUTO300199,现代物理与人工智能II,1,40,3.5,"杨勐,汪建基,蒋才桂"
AUTO300727,现代控制工程,1,56,3.0,刘妹琴
AUTO400299,机器学习,1,48,3.0,魏平
AUTO400427,机器人导航技术实验,1,32,1.0,"姚慧敏,袁泽剑"
AUTO400499,深度学习工具与平台,1,44,2.0,张旭翀
AUTO400627,脑信号处理实验,1,32,1.0,陈霸东
AUTO400927,机器人学基础,1,56,3.0,徐林海
AUTO401027,多智能体与人机混合智能,1,40,2.0,张雪涛
AUTO402127,人工智能工具、平台与系统,1,40,2.0,张旭翀
AUTO500627,人工智能的科学理解,1,16,1.0,周三平
AUTO501127,智能感知与移动计算,1,38,2.0,"王鸽,惠维"
COMP200327,计算机体系结构,1,48,3.0,夏天
COMP401327,自然计算,1,32,2.0,郭宇
COMP401427,强化学习,1,32,2.0,薛建儒
COMP500127,3D计算机图形学,1,38,2.0,"刘跃虎,张驰"
MATH200199,概率统计与随机过程（智）,1,64,4.0,"左炜亮,周三平"
EPRA300252,电工实习Ⅰ,1,32,1.0,"杨荣,赵军亚,毕文婷,孙有为,夏禹,李莉"
ETRA300152,综合工程训练1,1,40,1.0,"栗茂林,张铭,赵军亚,张育林,王娜,李党超,加有维,崔琦,黄宝娟,杨荣,邵敏,李铭,沈瑶,王明伟,张泽,毕文婷"
ETRA300352,综合工程训练2,1,40,1.0,"栗茂林,张铭,赵军亚,王娜,张育林,李党超,加有维,崔琦,黄宝娟,杨荣,邵敏,李铭,沈瑶,王明伟,张泽,毕文婷"
ETRA300452,综合工程训练Ⅳ,1,32,1.0,"栗茂林,加有维,崔琦,杨荣,毕文婷,张育林,王明伟,张泽,李铭"
GNED100152,电子创新与创客实践,1,40,2.0,"毕文婷,闫森,杨荣"
GNED100252,机器人创意设计与实践,1,48,2.0,"张育林,王明伟,李铭,黄宝娟"
MCRA200152,测控实习,1,32,1.0,"张育林,李铭"
MPRA200152,金工实习Ⅱ,1,32,1.0,"栗茂林,李党超,加有维,张铭,邓天鑫,周耀成,郁志浩,赵宁,张珂,祁小朋,孙毓忠,吴毅,沈瑶,邵敏,崔琦"
MPRA200252,金工实习Ⅲ-2,1,64,1.0,"栗茂林,吴毅,崔琦,邵敏,沈瑶,张珂,祁小朋,孙毓忠"
MPRA200452,金工实习Ⅰ,1,64,2.0,"栗茂林,李党超,加有维,张铭,邓天鑫,周耀成,郁志浩,曲滨,赵宁,徐峰,宋爱梅"
GNED100160,《天朝的崩溃》导读,1,16,1.0,吴超
GNED100360,逻辑的力量,2,16,1.0,"Mohamed Saber Lassoued,郑彦臻"
GNED100460,被误解的化学键：《化学键的本质》导读,1,16,1.0,吴超
CORE100154,国际关系分析,1,32,2.0,李科
CORE100254,孙子兵法的智慧,1,32,2.0,"问鸿滨,徐宇春"
GNED105954,海洋安全与大国崛起,1,32,2.0,张昊
GNED106054,《左传》导读,1,16,1.0,徐宇春
GNED109500,国家安全问题透视,1,32,2.0,"初阔林,王志朋,刘玉青"
MILI100554,国防教育,1,32,2.0,"李科,初阔林,张昊"
XJLU300198,管理会计导论,1,150,5.0,曾卫红
